{
  "Memory only (no RAG)": {
    "tp": 9,
    "n": 53,
    "recall": 0.2647058823529412
  },
  "LLM-BM25": {
    "tp": 16,
    "n": 103,
    "recall": 0.47058823529411764
  },
  "LLM-Rerank": {
    "tp": 26,
    "n": 153,
    "recall": 0.7647058823529411
  }
}