source,target,relation,directed,n_cit,category,n_docs_src,n_docs_tgt,evidence
runout distance,maximum horizontal length,related_to,False,1,A_direct,30,21,"[{""doc"": ""9781565762879_ch03"", ""tier"": ""same_chunk"", ""snip"": ""active margin (70 million mT/yr) (Lamarche et al., 2008). Goldfinger et al. (2000) suggested that the Older Blanco slide in southern Cascadia Basin had an original run-out distance of 70 km, whereas the present observed run-out distance is 22 km (Table 1). They assumed that this slide has an age of ""}, {""doc"": ""9781565762879_ch03"", ""tier"": ""same_chunk"", ""snip"": ""et al., 2005). In our later discussion on the Gulf of Mexico margin, we observe that MTD sheets have run-out lengths from 300 to 450 km across the Mississippi Fan surface (Table 1). Geotechnical engineers have recently hypothesized that con- tinental slopes of seismically active margins may develop ""}, {""doc"": ""Bourget,j"", ""tier"": ""same_chunk"", ""snip"": ""creases, the bathymetry proﬁle shallows, and the size, length and distance between each thrust decrease dramatically (Ellouz-Zimmermann et al., 2007b). The abyssal plain (3200 m water depth) forms a smooth trench with low gradients, and is conﬁned southward by the Murray Ridge (Fig. 1). The abyssal ""}]"
topography confinement downwards,principal direction,related_to,False,0,A_direct,21,32,"[{""doc"": ""A.I. Chemenda, T. Bois ⁎, S. Bouissou, E. Tric"", ""tier"": ""same_chunk"", ""snip"": ""Numerical modelling of the gravity-induced destabilization of a slope: The example of the La Clapière landslide, southern France A.I. Chemenda, T. Bois ⁎, S. Bouissou, E. Tric Geosciences Azur, Université de Nice Sophia-Antipolis and CNRS, Valbonne, France a b s t r a c t a r t i c l e i n f o Artic""}, {""doc"": ""A.I. Chemenda, T. Bois ⁎, S. Bouissou, E. Tric"", ""tier"": ""same_chunk"", ""snip"": ""framework of the La Clapière landslide (simpliﬁed after Guglielmi et al., 2005). 1, La Clapière landslide; 2, uncompressed toppled zone (10−3N KN10−5 m/s); 3, low uncompressed zone (10−8NKN10−9 m/s); 4, major normal faults; 5, minor faults; 6, thrust fault; 7, old scarps; 8, present day scarp; 9, cr""}, {""doc"": ""A.I. Chemenda, T. Bois ⁎, S. Bouissou, E. Tric"", ""tier"": ""same_chunk"", ""snip"": ""is small. The model topography (free surface) is extracted from an SRTM ﬁle (referred to as SRTM_38_04), along the proﬁle BB′ deﬁned in Fig. 2A. The model has homogeneous elastic-plastic properties described by Hooke's equations: dee ij = dσ K δij + dsij 2G ð1Þ Fig. 2. The Clapière landslide. (A) Ph""}]"
principal direction,scours,related_to,False,1,A_direct,32,10,"[{""doc"": ""Basin Research - 2016 - Ortiz‐Karpf - Mass‐transport complexes as markers of deep‐water fold‐and‐thrust belt evolution "", ""tier"": ""same_chunk"", ""snip"": ""(Fig. 5e). To the NE, S5 thins and pinches-out against the underlying channel– levee complex set and is erosionally truncated by S6 (Figs 6a and 8a). To the east, it thins against the SDA where it is folded and faulted (Fig. 7a, b). S5 has an irreg- ular top that is overlain and locally eroded by ch""}, {""doc"": ""Basin Research - 2016 - Ortiz‐Karpf - Mass‐transport complexes as markers of deep‐water fold‐and‐thrust belt evolution "", ""tier"": ""same_chunk"", ""snip"": ""folds, which are concentrated towards the centre of the deposit where it is thickest (up to 200 m) (Fig. 9a–c). Towards its margins, the deposit is thinner (up to 50 m) and consists of lower- amplitude debrites (Fig. 9a, b). The deposit thins to ≤50 m across the downdip anticline, where it contains ""}, {""doc"": ""Basin Research - 2016 - Ortiz‐Karpf - Mass‐transport complexes as markers of deep‐water fold‐and‐thrust belt evolution "", ""tier"": ""same_sentence"", ""snip"": ""SFZ SDA MC MC MC D TFS D NW SE LAD Erosional scour Groove S4 Fig.8a Fig.8b NW SE B Fig.8a Fig.8b S3 S2 S1 S5 S4 0 200 m 1 km 0 200 m 1 km SDA SFZ Underlying channels (c) D 5 km D TFS MC a & b a & b MC Deepest erosion Erosional scour Grooves 5 km 300 200 100 a & b MC 5 km Debrites D: Thrust and fold ""}]"
detached MTD,runout distance,impacts,True,1,A_direct,31,30,"[{""doc"": ""9781565762879_ch03"", ""tier"": ""same_chunk"", ""snip"": ""strengthening of the sediment, which results in minor MTDs compared to turbidite-system deposits. Messinian desiccation of the Mediterranean Sea caused a deeply eroded Ebro subaerial canyon and an unstable central segment with an MTD sheet, whereas other stable Ebro margin segments have only turbidi""}, {""doc"": ""9781565762879_ch03"", ""tier"": ""same_chunk"", ""snip"": ""Mass-transport deposit (MTD) is a general term that refers to all slumps, slides, and debris flows generated and emplaced by gravity-controlled processes except for turbidity currents. MTDs include movement and emplacement by brittle deformation (slides), plastic deformation (slumps), and plastic or""}, {""doc"": ""9781565762879_ch03"", ""tier"": ""same_chunk"", ""snip"": ""Gullies erode into the upper slope. Outer shelf is cut by normal faults that parallel the shelf edge, and a graben formed. b) Large blocks detached from the upper slope, initiating breaching of the shelf–slope break. c) Continued mass movement resulted in headward and lateral canyon excavation of th""}]"
detached MTD,maximum horizontal length,impacts,True,1,A_or_B_same_chunk,31,21,"[{""doc"": ""9781565762879_ch03"", ""tier"": ""same_chunk"", ""snip"": ""et al., 2005). In our later discussion on the Gulf of Mexico margin, we observe that MTD sheets have run-out lengths from 300 to 450 km across the Mississippi Fan surface (Table 1). Geotechnical engineers have recently hypothesized that con- tinental slopes of seismically active margins may develop ""}, {""doc"": ""Alves_AAPG_MTDs_14"", ""tier"": ""same_chunk"", ""snip"": ""signal source(s) used during acquisition, as well as on any bypass frequency filtering and am- plitude boost selected during processing (Damuth, 1980; Damuth et al., 1988; Evans, 1997). Aggres- sive frequency bypass filters applied during data processing result in the significant trimming of Figure ""}, {""doc"": ""Elverhoi, A., Breien"", ""tier"": ""same_chunk"", ""snip"": ""preserve its original composition, and this ability is determined by the amount of fines in the debris flow slurry. Hydroplaning, stretching and a low degree of deposition are factors that enhance the run-out of clay-rich and coherent flows, and all are linked to the presence of clay. In some cases,""}]"
detached MTD,surface area,impacts,True,1,A_direct,31,36,"[{""doc"": ""9781565762879_ch03"", ""tier"": ""same_chunk"", ""snip"": ""by a variety of turbidite systems, with only minor basin-floor MTDs. Then we provide three examples that exhibit mixed MTD and turbidite systems, such as the Mediterranean continental margin off the Ebro River in Spain, which has some segments dominated by MTDs and others dominated by turbidite syst""}, {""doc"": ""9781565762879_ch03"", ""tier"": ""same_chunk"", ""snip"": ""length are observed in the seismic profiles of the abyssal seafloor downstream from the canyon mouths; however, surface or subsurface channel– levee complexes are not observed in Figure 3 and are rarely observed in numerous other profiles (Carlson and Karl, 1988; Carlson et al., 1991). Previous inve""}, {""doc"": ""9781565762879_ch03"", ""tier"": ""same_chunk"", ""snip"": ""MTD sheet, BRdb is the Bowers Ridge MTD sheet, Srd is Shirshov Ridge MTD sheet, Bf is Bering Fan, and the light gray hachured area is the Aleutian Basin facies, made up of basin-plain thin-bedded turbidites and hemipelagites. Locations of gigantic gullied submarine canyons are keyed in color to matc""}]"
detached MTD,horizontal aspect ratio,impacts,True,2,A_direct,31,21,"[{""doc"": ""Alves_AAPG_MTDs_14"", ""tier"": ""same_chunk"", ""snip"": ""migration. In this work, MTDs are imaged using root-mean- square (RMS) amplitude, coherence, and dip maps. Root-mean-square amplitude data provide mea- surements of the RMS amplitude of a seismic wave reflected at normal incidence on an inter- face (Brown, 2011). The peak amplitudes of re- flected s""}, {""doc"": ""Alves_AAPG_MTDs_14"", ""tier"": ""same_chunk"", ""snip"": ""signal source(s) used during acquisition, as well as on any bypass frequency filtering and am- plitude boost selected during processing (Damuth, 1980; Damuth et al., 1988; Evans, 1997). Aggres- sive frequency bypass filters applied during data processing result in the significant trimming of Figure ""}, {""doc"": ""Alves_AAPG_MTDs_14"", ""tier"": ""same_chunk"", ""snip"": ""a signal fre- quency or spatial Nyquist number (a function of the CMP trace spacing and acquisition geome- try) will have an impact on what features are resolved on distinct 3-D volumes. Low vertical and horizontal resolutions can cause thin MTDs to be shown as fairly continuous strata or be complet""}]"
lithology distribution in MTD,transparent facies distribution,impacts,True,0,A_direct,32,25,"[{""doc"": ""9781565762879_ch03"", ""tier"": ""same_chunk"", ""snip"": ""length are observed in the seismic profiles of the abyssal seafloor downstream from the canyon mouths; however, surface or subsurface channel– levee complexes are not observed in Figure 3 and are rarely observed in numerous other profiles (Carlson and Karl, 1988; Carlson et al., 1991). Previous inve""}, {""doc"": ""9781565762879_ch03"", ""tier"": ""same_chunk"", ""snip"": ""MTD sheet, BRdb is the Bowers Ridge MTD sheet, Srd is Shirshov Ridge MTD sheet, Bf is Bering Fan, and the light gray hachured area is the Aleutian Basin facies, made up of basin-plain thin-bedded turbidites and hemipelagites. Locations of gigantic gullied submarine canyons are keyed in color to matc""}, {""doc"": ""9781565762879_ch03"", ""tier"": ""same_chunk"", ""snip"": ""active-margin compared to pas- sive-margin settings. EBRO MARGIN— MIXED MTD AND TURBIDITE SEGMENTS The Ebro passive continental margin is located in the north- western Mediterranean Sea (Figs. 7, 8). The Ebro River drains the Downloaded from http://pubs.geoscienceworld.org/books/edited-volume/chapte""}]"
lithology distribution in MTD,faulty facies distribution,related_to,False,1,A_direct,32,24,"[{""doc"": ""9781565762879_ch03"", ""tier"": ""same_chunk"", ""snip"": ""length are observed in the seismic profiles of the abyssal seafloor downstream from the canyon mouths; however, surface or subsurface channel– levee complexes are not observed in Figure 3 and are rarely observed in numerous other profiles (Carlson and Karl, 1988; Carlson et al., 1991). Previous inve""}, {""doc"": ""9781565762879_ch03"", ""tier"": ""same_chunk"", ""snip"": ""MTD sheet, BRdb is the Bowers Ridge MTD sheet, Srd is Shirshov Ridge MTD sheet, Bf is Bering Fan, and the light gray hachured area is the Aleutian Basin facies, made up of basin-plain thin-bedded turbidites and hemipelagites. Locations of gigantic gullied submarine canyons are keyed in color to matc""}, {""doc"": ""9781565762879_ch03"", ""tier"": ""same_sentence"", ""snip"": ""Line drawing below shows interpreted depositional facies (MTD = mass-transport de- posits; T = ponded turbidite facies; C =""}]"
seafloor shapes and dip variations,thickness variation,impacts,True,2,A_direct,21,31,"[{""doc"": ""1-s2.0-S0025322712000412-main"", ""tier"": ""same_chunk"", ""snip"": ""C D back wall back wall A Exp. 4 Ff = 1.91 Exp. 3 Ff = 3.05 Exp. 1 Ff = 6.23 D, exp. 4 C, exp. 3 B, exp. 1 exp. 2 exp. 5 C B original thickness D Fig. 8. Headwall area morphology is diagnostic of initial ﬂow factor. A high ﬂow factor (Experiment 1) results in a smooth source area (green proﬁle, phot""}, {""doc"": ""1-s2.0-S0025322712000412-main"", ""tier"": ""same_chunk"", ""snip"": ""1–4 (Experiments 5 and 6 could not be mapped with the laser). B–E. Deposit surface maps (dip maps which accentuate local variations in the surface). Cross section locations indicated by dashed line. Experiment 1 (high Ff) is thin and broad with maximum thickness located in the central portion of the""}, {""doc"": ""epjbidisperse2007"", ""tier"": ""same_sentence"", ""snip"": ""In this section, we present two mechanisms with which the great diversity of the behaviors of bidisperse ﬂows (shape of the deposit, superposed or not layers of beads, variation of the thickness) can be explained: –""}]"
subsidence/uplift,volume,impacts,True,1,A_or_B_same_chunk,20,31,"[{""doc"": ""Basin Research - 2016 - Ortiz‐Karpf - Mass‐transport complexes as markers of deep‐water fold‐and‐thrust belt evolution "", ""tier"": ""same_chunk"", ""snip"": ""the UA also curves to the east and continues to the NE, bending towards the shelf (Figs 2 and 3a). According to Martinez et al. (2015), the structures in the study area have experienced episodic growth since the Late Miocene. This protracted growth history is evi- denced by thinning of the stratigra""}, {""doc"": ""Basin Research - 2016 - Ortiz‐Karpf - Mass‐transport complexes as markers of deep‐water fold‐and‐thrust belt evolution "", ""tier"": ""same_chunk"", ""snip"": ""Therefore, several external forcing mechanisms can be invoked for the emplacement of the shelf-attached MTCs (Ortiz-Karpf et al., 2015). However, the UA bends to the east towards the area of the shelf where the arcuate scarps, interpreted as a possible source for the shelf-attached MTCs, are located""}, {""doc"": ""D. Leynaud"", ""tier"": ""same_chunk"", ""snip"": ""can only be inferred from historical records or modelling scenarios for past times; this implies that uncertainty remains when relating the occurrence of certain slope failures with earthquakes. Fig. 1 shows the location of submarine slides on the formerly glaciated and non-glaciated European Margin""}]"
topography confinement downwards,terminal dispersion,impacts,True,1,B_distributed,21,4,[]
terminal dispersion,thickness variation,impacts,True,1,A_or_B_same_chunk,4,31,"[{""doc"": ""Moscardelli_and_Wood_2008"", ""tier"": ""same_chunk"", ""snip"": ""palaeoshelf break that have a semicircu- lar shape and average diameters of 4.5km and average areas of 14km2 (their Fig. 18b; Fig. 6a this work). The collapsed sediments were transported downslope through the Calli- core and Haydn megachutes as gravity-induced deposits that were ¢nally deposited as ""}]"
ridged facies distribution,thickness variation,related_to,False,1,A_direct,24,31,"[{""doc"": ""9781565762879_ch03"", ""tier"": ""same_sentence"", ""snip"": ""Seismic profiles show this MTD sheet as exhibiting irregular thickness of chaotic and transparent facies that have scoured into the underlying deposits (Fig.""}, {""doc"": ""9781565762879_ch03"", ""tier"": ""same_sentence"", ""snip"": ""In these surface wedges, hummocky surfaces are observed on side-scan sonar, and chaotic seismic facies are exhibited in high-resolution seismic profiles (Twichell -92.28 -92.26 -92.24 -92.22 -92.20 -92.18 26.50 26.52 26.54 26.56 Contour Interval: 25 ms (twt) Seismic Unit MTD 1 Thickness Beaumont Bas""}, {""doc"": ""Basin Research - 2016 - Ortiz‐Karpf - Mass‐transport complexes as markers of deep‐water fold‐and‐thrust belt evolution "", ""tier"": ""same_sentence"", ""snip"": ""20 2.5 km 100 S1 outline 2.5 km D MC LAD 5 km 60 20 100 D MC S2 outline LAD 5 km 20 MC LAD D 100 5 km 60 80 0.5 1 0 Variance 0 100 200 300 Thickness (m) S3 (a) Underlying channel (a) (a) D: Debrites Low-amplitude debrites LAD: Megaclasts (MC) N N MC LAD D D S4 5 km Underlying channel N N N N Souther""}]"
terminal dispersion,width variation,impacts,True,1,A_or_B_same_chunk,4,21,"[{""doc"": ""Moscardelli_and_Wood_2008"", ""tier"": ""same_chunk"", ""snip"": ""palaeoshelf break that have a semicircu- lar shape and average diameters of 4.5km and average areas of 14km2 (their Fig. 18b; Fig. 6a this work). The collapsed sediments were transported downslope through the Calli- core and Haydn megachutes as gravity-induced deposits that were ¢nally deposited as ""}, {""doc"": ""Moscardelli_and_Wood_2008"", ""tier"": ""same_chunk"", ""snip"": ""ent stratigraphic levels within MTC_2 (Fig. 8) reveal two main phases of this unit’s evolution. Phase1 (Fig. 8a) is as- sociatedwith initial erosional processes that generated the basal surface of MTC_2. During this phase vertical and lat- eral erosionwas the dominant process, several megascours wer""}, {""doc"": ""Moscardelli_and_Wood_2008"", ""tier"": ""same_chunk"", ""snip"": ""lizes and slides. The surfaces are often destroyed by the initial erosional processes associated with MTC develop- ment, but preservation of the basal condensed sections in- dicates the predominance of laminar £ow in the basal parts of the MTCs. RMS amplitude extractions taken from di¡erent seis- mi""}]"
flow direction,lateral erosive walls,impacts,True,1,A_direct,35,11,"[{""doc"": ""Basin Research - 2016 - Ortiz‐Karpf - Mass‐transport complexes as markers of deep‐water fold‐and‐thrust belt evolution "", ""tier"": ""same_chunk"", ""snip"": ""20 2.5 km 100 S1 outline 2.5 km D MC LAD 5 km 60 20 100 D MC S2 outline LAD 5 km 20 MC LAD D 100 5 km 60 80 0.5 1 0 Variance 0 100 200 300 Thickness (m) S3 (a) Underlying channel (a) (a) D: Debrites Low-amplitude debrites LAD: Megaclasts (MC) N N MC LAD D D S4 5 km Underlying channel N N N N Souther""}, {""doc"": ""Basin Research - 2016 - Ortiz‐Karpf - Mass‐transport complexes as markers of deep‐water fold‐and‐thrust belt evolution "", ""tier"": ""same_chunk"", ""snip"": ""of the deposit to the SW and its southwestern termination against S5 suggest deposition from a SW- directed ﬂow. Centralregion Only one laterally extensive MTC (C1) is developed in the central region. C1 overlies a major erosion surface that trends along the syncline, cross-cuts the downdip anti- cl""}, {""doc"": ""Basin Research - 2016 - Ortiz‐Karpf - Mass‐transport complexes as markers of deep‐water fold‐and‐thrust belt evolution "", ""tier"": ""same_chunk"", ""snip"": ""of Geoscientists & Engineers and International Association of Sedimentologists 84 A. Ortiz-Karpf et al. 13652117, 2018, S1, Downloaded from https://onlinelibrary.wiley.com/doi/10.1111/bre.12208 by Bibliothèque de Sorbonne Université, Wiley Online Library on [13/03/2025]. See the Terms and Conditions""}]"
flow direction,scours,impacts,True,1,A_direct,35,10,"[{""doc"": ""Basin Research - 2016 - Ortiz‐Karpf - Mass‐transport complexes as markers of deep‐water fold‐and‐thrust belt evolution "", ""tier"": ""same_chunk"", ""snip"": ""(Fig. 5e). To the NE, S5 thins and pinches-out against the underlying channel– levee complex set and is erosionally truncated by S6 (Figs 6a and 8a). To the east, it thins against the SDA where it is folded and faulted (Fig. 7a, b). S5 has an irreg- ular top that is overlain and locally eroded by ch""}, {""doc"": ""Basin Research - 2016 - Ortiz‐Karpf - Mass‐transport complexes as markers of deep‐water fold‐and‐thrust belt evolution "", ""tier"": ""same_chunk"", ""snip"": ""folds, which are concentrated towards the centre of the deposit where it is thickest (up to 200 m) (Fig. 9a–c). Towards its margins, the deposit is thinner (up to 50 m) and consists of lower- amplitude debrites (Fig. 9a, b). The deposit thins to ≤50 m across the downdip anticline, where it contains ""}, {""doc"": ""Basin Research - 2016 - Ortiz‐Karpf - Mass‐transport complexes as markers of deep‐water fold‐and‐thrust belt evolution "", ""tier"": ""same_sentence"", ""snip"": ""SFZ SDA MC MC MC D TFS D NW SE LAD Erosional scour Groove S4 Fig.8a Fig.8b NW SE B Fig.8a Fig.8b S3 S2 S1 S5 S4 0 200 m 1 km 0 200 m 1 km SDA SFZ Underlying channels (c) D 5 km D TFS MC a & b a & b MC Deepest erosion Erosional scour Grooves 5 km 300 200 100 a & b MC 5 km Debrites D: Thrust and fold ""}]"
existing geomorphology,width variation,related_to,False,1,A_or_B_same_chunk,25,21,"[{""doc"": ""Chinese J of Geophysics - 2013 - WU - Analysis on Seismic Characteristics and Triggering Mechanisms of Mass Transport"", ""tier"": ""same_chunk"", ""snip"": ""along the east-westernward Xisha trough, south of Hainan Island and east of the Yinggehai basin. The north continental slope in the Qiongdongnan basin began to develop mainly along traces of large faults in the late Miocene, and initially developed in the east part of the basin. Some wide valleys an""}, {""doc"": ""1-s2.0-S0025322713000571-main"", ""tier"": ""same_chunk"", ""snip"": ""not discontinuities in the seismic volume in contrast to their Type II counterparts (Fig. 5a,c and d). Type I ramps are thought to be sidewalls of basal excavation areas on the basal shear surface through which sediments were transferred during the movement of MTDs. Plots of variations in the diamet""}, {""doc"": ""Moscardelli_and_Wood_2008"", ""tier"": ""same_chunk"", ""snip"": ""lizes and slides. The surfaces are often destroyed by the initial erosional processes associated with MTC develop- ment, but preservation of the basal condensed sections in- dicates the predominance of laminar £ow in the basal parts of the MTCs. RMS amplitude extractions taken from di¡erent seis- mi""}]"
existing geomorphology,flow velocity and energy,impacts,True,1,B_distributed,25,10,[]
flow velocity and energy,scours,impacts,True,1,A_or_B_same_chunk,10,10,"[{""doc"": ""9781565762879_ch02"", ""tier"": ""same_chunk"", ""snip"": ""POSAMENTIER AND OLE J. MARTINSEN 22 The erosive power of mass-transport events can be observed in Figures 32, 36, and 38, where erosion depth of as much as 80 m can be documented. The effectiveness of a mass-transport event to erode the substrate is a function of: (1) degree of substrate induration;""}, {""doc"": ""9781565762879_ch02"", ""tier"": ""same_chunk"", ""snip"": ""mass-transport deposits is the erosional scour that commonly can be observed at the basal contact. Long linear grooves can be formed through erosion by large clasts, or tools, occurring within the basal part of the flow. Such clasts remain in the basal part of the flow as a result of the laminar flo""}]"
plowing effect on underlying material,BS flat sub-horizontal zone,impacts,True,1,A_or_B_same_chunk,21,27,"[{""doc"": ""Bull & Cartwright (2009)"", ""tier"": ""same_chunk"", ""snip"": ""due to a realignment of the maximum compressive stress, causing different rates of displacement across the width of the MTC toe (Frey Martinez et al., 2006). Prior et al. (1984) sug- gested that the development of pressure ridges may progress through a combination of ‘stopping’ forces and resistance""}, {""doc"": ""Bull & Cartwright (2009)"", ""tier"": ""same_chunk"", ""snip"": ""failed material moves over the basal shear surface, or indeed, a combination of these two factors may be critical (Strachan, 2002a; Frey Martinez et al., 2005). Strachan (2002a) postulated that pre-existing weaknesses in the basal shear surface, caused by original deposition of the sediments, may be""}, {""doc"": ""Bull & Cartwright (2009)"", ""tier"": ""same_chunk"", ""snip"": ""often observed from near the headwall regions of MTCs (Solheim et al., 2005; Fig. 7A, C), or where translation of material across the basal shear surface is limited (Frey Martinez et al., 2005). In this context, the basal shear surface propagates downwards to link with a deeper weak layer. The basal""}]"
existing geomorphology,horizontal aspect ratio,impacts,True,1,A_or_B_same_chunk,25,21,"[{""doc"": ""A.I. Chemenda, T. Bois ⁎, S. Bouissou, E. Tric"", ""tier"": ""same_chunk"", ""snip"": ""framework of the La Clapière landslide (simpliﬁed after Guglielmi et al., 2005). 1, La Clapière landslide; 2, uncompressed toppled zone (10−3N KN10−5 m/s); 3, low uncompressed zone (10−8NKN10−9 m/s); 4, major normal faults; 5, minor faults; 6, thrust fault; 7, old scarps; 8, present day scarp; 9, cr""}, {""doc"": ""A.I. Chemenda, T. Bois ⁎, S. Bouissou, E. Tric"", ""tier"": ""same_chunk"", ""snip"": ""results in a progressive reduction of both horizontal and vertical sizes of the sliding shallow unit (Fig. 5); and at ϕ ≥45°, the shallow sliding does not occur at all (even at c=0). But deep normal faulting resulting in crest sagging is still active (it is not displayed in Fig. 5B as the γ̅p value ""}, {""doc"": ""A.I. Chemenda, T. Bois ⁎, S. Bouissou, E. Tric"", ""tier"": ""same_chunk"", ""snip"": ""Pa; (B) c=2×104 Pa. The large-scale normal faults are not seen in Fig. 6B, but they are still active. Grey-level palettes correspond to the accumulated inelastic deformation γ ̅p. Fig. 7. Model with idealized linear topography run at ϕ=30° until c=1×104 Pa. Grey- level palettes correspond to the acc""}]"
flow behavior: elastic,horizontal aspect ratio,impacts,True,0,A_direct,27,21,"[{""doc"": ""Alves_AAPG_MTDs_14"", ""tier"": ""same_chunk"", ""snip"": ""for steeply steeping strata flanking diapir B (Figures 13B, 14B, 16A). In this CDE plot, we discriminate be- tween strata with distinct degrees of disaggregation alternating and intact blocks with remnant sub- horizontal strata. Based on the plot in Figure 17 and on data from the two other case stud""}, {""doc"": ""Elverhoi, A., Breien"", ""tier"": ""same_chunk"", ""snip"": ""the flume, the debris flow slurry is filled into the head tank, which is opened by a gate mechanism. The gate is operated manually and automatically triggers the data acquisition system. The sediment runs down the inner flume and exits into the large tank at the end. The data acquisition system (Bre""}, {""doc"": ""Elverhoi, A., Breien"", ""tier"": ""same_chunk"", ""snip"": ""b Velocity distribution with time, close to the wall (averaged in x-direction). A bipartite flow develops. At the same time, a little deposition starts to occur. c Velocity profiles (blue, solid line) and corresponding photos for head, body and tail of flow as the flow passes the upstream station. H""}]"
volume of transported material,volume,impacts,True,0,A_direct,27,31,"[{""doc"": ""Alves_AAPG_MTDs_14"", ""tier"": ""same_chunk"", ""snip"": ""resolved geological fea- tures within MTDs, as well as the degree of structural complexity experienced by failed strata (Figure 9). Values of C and E can be calculated in a fourth step by extracting amplitude values from predefined (cropped) volumes in MTDs, between their top and bottom surfaces, be""}, {""doc"": ""Basin Research - 2016 - Ortiz‐Karpf - Mass‐transport complexes as markers of deep‐water fold‐and‐thrust belt evolution "", ""tier"": ""same_sentence"", ""snip"": ""The difference between the volumes of detached and shelf-attached MTCs can be readily explained by considering the volumes of material available at the source; these volumes are likely to be smaller along local ﬂank collapses than on the delta-fed shelf break.""}, {""doc"": ""Chinese J of Geophysics - 2013 - WU - Analysis on Seismic Characteristics and Triggering Mechanisms of Mass Transport"", ""tier"": ""same_sentence"", ""snip"": ""As an event deposit, large volumes of deposits are transported in a short time.""}]"
loss of mass,volume,impacts,True,0,A_direct,35,31,"[{""doc"": ""9781565762879_ch03"", ""tier"": ""same_sentence"", ""snip"": ""e-mail: dtwichell@usgs.gov ABSTRACT: The volume and interplay of mass-transport (MTD) and turbidite-system deposits varies on different continental margins depending on local and external controls such as active-margin or passive-margin tectonic setting and climatic and/or sea-level change.""}, {""doc"": ""9781565762879_ch03"", ""tier"": ""same_sentence"", ""snip"": ""Downloaded from http://pubs.geoscienceworld.org/books/edited-volume/chapter-pdf/3802166/9781565762879_ch03.pdf by Sorbonne Universite user 41 INTERPLAY OF MASS-TRANSPORT AND TURBIDITE-SYSTEM DEPOSITS submarine-fan system was fed by river drainage systems across the Bering shelf.""}, {""doc"": ""9781565762879_ch03"", ""tier"": ""same_sentence"", ""snip"": ""Downloaded from http://pubs.geoscienceworld.org/books/edited-volume/chapter-pdf/3802166/9781565762879_ch03.pdf by Sorbonne Universite user 41 INTERPLAY OF MASS-TRANSPORT AND TURBIDITE-SYSTEM DEPOSITS submarine-fan system was fed by river drainage systems across the Bering shelf.""}]"
erosion of underlying material,volume,impacts,True,0,A_or_B_same_chunk,20,31,"[{""doc"": ""Basin Research - 2016 - Ortiz‐Karpf - Mass‐transport complexes as markers of deep‐water fold‐and‐thrust belt evolution "", ""tier"": ""same_chunk"", ""snip"": ""the UA also curves to the east and continues to the NE, bending towards the shelf (Figs 2 and 3a). According to Martinez et al. (2015), the structures in the study area have experienced episodic growth since the Late Miocene. This protracted growth history is evi- denced by thinning of the stratigra""}, {""doc"": ""Dos-Reis-et-al-2016-MPG"", ""tier"": ""same_chunk"", ""snip"": ""carbonate-siliciclastic platform evidencing high erosion (the black dashed line represents the erosive surface). A.T. Reis et al. / Marine and Petroleum Geology 75 (2016) 29e52 49 (ii) the thicker PM4, on the other hand, clearly shows a pro- gressive lost in coherence heading upslope, from a seismic""}, {""doc"": ""Giacomo Dalla Valle"", ""tier"": ""same_chunk"", ""snip"": ""been obliterated by subsequent MTEs. This process is substantiated by the erosional char- acter of the younger MTD_1.2a that has remolded and incorporated part of MTD_1.1 (Fig. 6A, B). MTD_1.2a and 1.2b are emplaced above MTD_1.1 (Figs. 6, 7B). They extend in a down-dip direction throughout the seis""}]"
remobilization,volume,impacts,True,0,A_or_B_same_chunk,5,31,"[{""doc"": ""Alves_AAPG_MTDs_14"", ""tier"": ""same_chunk"", ""snip"": ""common to translation zones of Alves et al. 815 MTDs, where debrites are common, as they record the bulk of downslope movement of such strata (Varnes, 1978; Frey-Martinez et al., 2006). Dis- tinct degrees of strata remobilization can occur in this region, a factor creating variations in the absolute""}, {""doc"": ""Dos-Reis-et-al-2016-MPG"", ""tier"": ""same_chunk"", ""snip"": ""12 for location. A.T. Reis et al. / Marine and Petroleum Geology 75 (2016) 29e52 44 Miocene e gravity tectonics and mass wasting (Figs. 3, 4 and 18). Unfortunately, however, the available chronostratigraphic database does not provide sufﬁcient accurate age data to enable us to determine the precise ""}, {""doc"": ""J. S. Laberg"", ""tier"": ""same_chunk"", ""snip"": ""entrainment of MTDs MTD 6 exemplifies transformation from sliding to a cohesive density flow (debris flow) (see also Kitamura et al. 2014) without involving disintegration into blocks, and the above results have implications for the processes involved. Sediment bulk density (i.e. soil mass + pore fl""}]"
compaction during burial,volume,impacts,True,0,A_or_B_same_chunk,11,31,"[{""doc"": ""1-s2.0-S0040195109002819-main"", ""tier"": ""same_chunk"", ""snip"": ""basinward- verging thrust imbricates and multiple detachment levels (Briggs et al., 2006). The main difference between salt and shale comes from their rheology. Salt rheology does not change with temperature, depth of burial or strain. Its rheological behavior does not vary much through time and spa""}, {""doc"": ""1-s2.0-S0040195109002819-main"", ""tier"": ""same_chunk"", ""snip"": ""or compaction during burial or horizontal compression of tectonic origin. They also result from an increase in the volume of pore ﬂuid resulting from thermal dilation, mineralogical transformation (smectite to illite) and hydrocarbon generation (for example, production of thermogenic gas at depths o""}, {""doc"": ""1-s2.0-S0040195109002819-main"", ""tier"": ""same_chunk"", ""snip"": ""the Ventout area (BE01 sand, produced by Sifraco, France). Sands of various grain sizes were used. The properties are summarized in Table 1. For the ﬂuid, Mourgues and Cobbold (2006b) showed that it is impossible to achieve a proper scaling of transitory phenomena in a Table 1 Permeability of model ""}]"
triggering turbidity current,loss of mass,impacts,True,0,A_direct,19,35,"[{""doc"": ""9781565762879_ch03"", ""tier"": ""same_sentence"", ""snip"": ""Mass-transport deposit (MTD) is a general term that refers to all slumps, slides, and debris flows generated and emplaced by gravity-controlled processes except for turbidity currents.""}, {""doc"": ""9781565762879_ch03"", ""tier"": ""same_sentence"", ""snip"": ""Mass-transport deposit (MTD) is a general term that refers to all slumps, slides, and debris flows generated and emplaced by gravity-controlled processes except for turbidity currents.""}, {""doc"": ""9781565762879_ch03"", ""tier"": ""same_sentence"", ""snip"": ""As a result, the margin has been dominated by mass-transport processes even though buried shelf channels fed into canyon heads and some incipient turbidity-current channels developed (Carlson and Karl, 1988).""}]"
trigger turbidity current at stop,loss of mass,impacts,True,0,A_direct,18,35,"[{""doc"": ""9781565762879_ch03"", ""tier"": ""same_sentence"", ""snip"": ""Mass-transport deposit (MTD) is a general term that refers to all slumps, slides, and debris flows generated and emplaced by gravity-controlled processes except for turbidity currents.""}, {""doc"": ""9781565762879_ch03"", ""tier"": ""same_sentence"", ""snip"": ""Mass-transport deposit (MTD) is a general term that refers to all slumps, slides, and debris flows generated and emplaced by gravity-controlled processes except for turbidity currents.""}, {""doc"": ""9781565762879_ch03"", ""tier"": ""same_sentence"", ""snip"": ""As a result, the margin has been dominated by mass-transport processes even though buried shelf channels fed into canyon heads and some incipient turbidity-current channels developed (Carlson and Karl, 1988).""}]"
flow direction,principal direction,impacts,True,0,A_direct,35,32,"[{""doc"": ""A.I. Chemenda, T. Bois ⁎, S. Bouissou, E. Tric"", ""tier"": ""same_sentence"", ""snip"": ""The roller condition at the model bottom means that the model bottom is free to move in the horizontal direction that simulates the effect of the inﬁnitely thick object: the model bottom, which is an artiﬁcial (not natural) boundary, is not attached to the inﬁnitively rigid basis (is not ﬁxed) but t""}, {""doc"": ""Alves_AAPG_MTDs_14"", ""tier"": ""same_sentence"", ""snip"": ""Directionality (D) highlights the variabil- ity of MTD strata in specific directions.""}, {""doc"": ""Alves_AAPG_MTDs_14"", ""tier"": ""same_sentence"", ""snip"": ""Directionality (D) highlights the variabil- ity of MTD strata in specific directions.""}]"
topography confinement downwards,BS median slope,impacts,True,0,A_direct,21,36,"[{""doc"": ""A.I. Chemenda, T. Bois ⁎, S. Bouissou, E. Tric"", ""tier"": ""same_chunk"", ""snip"": ""Numerical modelling of the gravity-induced destabilization of a slope: The example of the La Clapière landslide, southern France A.I. Chemenda, T. Bois ⁎, S. Bouissou, E. Tric Geosciences Azur, Université de Nice Sophia-Antipolis and CNRS, Valbonne, France a b s t r a c t a r t i c l e i n f o Artic""}, {""doc"": ""A.I. Chemenda, T. Bois ⁎, S. Bouissou, E. Tric"", ""tier"": ""same_chunk"", ""snip"": ""evolution. © 2009 Elsevier B.V. All rights reserved. 1. Introduction Gravitational instability of topography results from the interplay of different processes. The most important seems to be the weathering and alteration caused by climatic factors and ﬂuid circulation within the massif and dependent""}, {""doc"": ""A.I. Chemenda, T. Bois ⁎, S. Bouissou, E. Tric"", ""tier"": ""same_chunk"", ""snip"": ""results in a progressive reduction of both horizontal and vertical sizes of the sliding shallow unit (Fig. 5); and at ϕ ≥45°, the shallow sliding does not occur at all (even at c=0). But deep normal faulting resulting in crest sagging is still active (it is not displayed in Fig. 5B as the γ̅p value ""}]"
flow behavior: elastic,BS median slope,impacts,True,0,A_direct,27,36,"[{""doc"": ""9781565762879_ch03"", ""tier"": ""same_chunk"", ""snip"": ""most MTD sheets generated by such failures are relatively thin (120 to 300 ms) and have short run-out distances of 5 to 35 km across the abyssal seafloor adjacent to the slope (Table 1; Goldfinger et al., 2000; Nelson et al., 2000). These short run-out distances (Figs. 5, 6) contrast with MTD sheets""}, {""doc"": ""9781565762879_ch03"", ""tier"": ""same_chunk"", ""snip"": ""et al., 2005). In our later discussion on the Gulf of Mexico margin, we observe that MTD sheets have run-out lengths from 300 to 450 km across the Mississippi Fan surface (Table 1). Geotechnical engineers have recently hypothesized that con- tinental slopes of seismically active margins may develop ""}, {""doc"": ""9781565762879_ch03"", ""tier"": ""same_chunk"", ""snip"": ""nel complexes of Mississippi Fan (Fig. 16; Table 1). The interme- diate-scale MTD lobes underlie nine of the 17 major channel systems of the fan (Fig. 16; Weimer, 1990). Although sometimes fan-shaped, these MTD lobes are typically elongate, parallel to channel–levee systems, and extend about 100–200""}]"
seafloor shapes and dip variations,plunging pool effect,impacts,True,3,C_absent,21,0,[]
plunging pool effect,plunging pool indicator,impacts,True,3,C_absent,0,5,[]
plunging pool effect,erosion of underlying material,impacts,True,0,C_absent,0,20,[]
existing geomorphology,plunging pool effect,impacts,True,1,C_absent,25,0,[]
flow velocity and energy,plunging pool effect,impacts,True,0,C_absent,10,0,[]
source domain in basin,initial aspect ratio and top of mass slope angle,impacts,True,0,A_direct,22,34,"[{""doc"": ""Basin Research - 2016 - Ortiz‐Karpf - Mass‐transport complexes as markers of deep‐water fold‐and‐thrust belt evolution "", ""tier"": ""same_chunk"", ""snip"": ""syncline or sourced from the frontal limb of the SDA. N1 exploited and widened the CLC in the northern region. (d) C1 traversed the DA creating a through-going composite surface that connected the basin-low and the syncline. This surface amalgamated with the basal surface in the southern region crea""}, {""doc"": ""Basin Research - 2016 - Ortiz‐Karpf - Mass‐transport complexes as markers of deep‐water fold‐and‐thrust belt evolution "", ""tier"": ""same_chunk"", ""snip"": ""burial histories, which are commonly used to evaluate the timing of hydrocarbon generation and expulsion. It can also inﬂuence the prediction of the characteristics and distribution of the sedimentary pack- ages downdip of the MTCs. Furthermore, the presence of coalescing MTCs can introduce lateral ""}, {""doc"": ""Bull & Cartwright (2009)"", ""tier"": ""same_chunk"", ""snip"": ""shown by Huvenne et al. (2002), from a MTC in the Porcupine basin, offshore SW Ireland, to be related to extensional fracturing and the break up of material into blocks. The presence of relatively small extensional faults which are both parallel and perpendicular to presumed principal stress directi""}]"
remobilization,multiple terracing downslope,impacts,True,1,A_or_B_same_chunk,5,26,"[{""doc"": ""Dos-Reis-et-al-2016-MPG"", ""tier"": ""same_chunk"", ""snip"": ""12 for location. A.T. Reis et al. / Marine and Petroleum Geology 75 (2016) 29e52 44 Miocene e gravity tectonics and mass wasting (Figs. 3, 4 and 18). Unfortunately, however, the available chronostratigraphic database does not provide sufﬁcient accurate age data to enable us to determine the precise ""}]"
triggering cascading mass movements,multiple terracing downslope,related_to,False,0,A_direct,28,26,"[{""doc"": ""9781565762879_ch03"", ""tier"": ""same_chunk"", ""snip"": ""Mass-transport deposit (MTD) is a general term that refers to all slumps, slides, and debris flows generated and emplaced by gravity-controlled processes except for turbidity currents. MTDs include movement and emplacement by brittle deformation (slides), plastic deformation (slumps), and plastic or""}, {""doc"": ""Alves_AAPG_MTDs_14"", ""tier"": ""same_chunk"", ""snip"": ""2.2 Ma in a frontal wedge-toe position (Strasser et al., 2011). Splay-fault movement was initiated at about 1.95 Ma in the lower part of the wedge. Ongoing megasplay slip occurs since about 1.55 Ma (Strasser et al., 2009). As a result of the complex interaction between fault-propagation folding, sea""}, {""doc"": ""Alves_AAPG_MTDs_14"", ""tier"": ""same_chunk"", ""snip"": ""the wide distribution of D in this MTD. 816 Mass-Transport Deposits and Seismic Texture downslope movement (e.g., Mosher et al., 2004), tend to present higher E, but variable D. Internal features will preferentially follow the direction of prevalent fabric or secondary directions of frac- tures asso""}]"
upward connection to other MTDs,multiple terracing downslope,related_to,False,0,A_direct,27,26,"[{""doc"": ""9781565762879_ch03"", ""tier"": ""same_chunk"", ""snip"": ""Mass-transport deposit (MTD) is a general term that refers to all slumps, slides, and debris flows generated and emplaced by gravity-controlled processes except for turbidity currents. MTDs include movement and emplacement by brittle deformation (slides), plastic deformation (slumps), and plastic or""}, {""doc"": ""9781565762879_ch03"", ""tier"": ""same_sentence"", ""snip"": ""In summary, evidence from sonographs, seafloor mor- phology, seismic facies, and sediment lithology indicates that extensive sheets of multiple, thick MTDs extend downstream from the gigantic canyon mouths for more than 250 km across the abyssal seafloor (Figs.""}, {""doc"": ""9781565762879_ch03"", ""tier"": ""same_sentence"", ""snip"": ""Transparent upper section in the profile consists of MTDs, as shown by multiple cores from the MTD sheet (Nelson et al., 1991).""}]"
initial potential energy of mass,erosion of underlying material,impacts,True,1,A_or_B_same_chunk,28,20,"[{""doc"": ""Bull & Cartwright (2009)"", ""tier"": ""same_chunk"", ""snip"": ""erosion of the scarp. Many MTCs, for example the Storegga Slide, develop in a retrogressive fashion, with sequential failure back-stepping upslope and creating a series of headwall scarps (Gauer et al., 2005). Scarp heights and lengths vary, from <10 m in height and tens of meters across, to example""}, {""doc"": ""Moscardelli_and_Wood_2008"", ""tier"": ""same_chunk"", ""snip"": ""Kolla, 2003; Weimer & Shipp, 2004; Moscardelli et al., 2006). These basal erosional surfaces can also contain features termed cat-claw scours (Moscardelli et al., 2006) or monkey ¢ngers (McGilvery & Cook, 2003), which are composed of a series of smaller, shallow, radiat- ing scours, whose apex is us""}, {""doc"": ""RichardsonetalBasinResearch2011-online (1)"", ""tier"": ""same_chunk"", ""snip"": ""of them (Fig. S1a and b). Mass transport deposit lateral ramps are curved and sigmoidal in plan view beside mud volcano edi¢ces (Fig. 6a).The deposit thickens up-dip of the mudvolcano, extending beyond its lateral scarp and overlying the stable lakebed. Amplitude extractions reveal £ow unit bound- a""}]"
erosion of underlying material,lateral erosive walls,impacts,True,1,A_direct,20,11,"[{""doc"": ""Basin Research - 2016 - Ortiz‐Karpf - Mass‐transport complexes as markers of deep‐water fold‐and‐thrust belt evolution "", ""tier"": ""same_chunk"", ""snip"": ""20 2.5 km 100 S1 outline 2.5 km D MC LAD 5 km 60 20 100 D MC S2 outline LAD 5 km 20 MC LAD D 100 5 km 60 80 0.5 1 0 Variance 0 100 200 300 Thickness (m) S3 (a) Underlying channel (a) (a) D: Debrites Low-amplitude debrites LAD: Megaclasts (MC) N N MC LAD D D S4 5 km Underlying channel N N N N Souther""}, {""doc"": ""Basin Research - 2016 - Ortiz‐Karpf - Mass‐transport complexes as markers of deep‐water fold‐and‐thrust belt evolution "", ""tier"": ""same_chunk"", ""snip"": ""of the deposit to the SW and its southwestern termination against S5 suggest deposition from a SW- directed ﬂow. Centralregion Only one laterally extensive MTC (C1) is developed in the central region. C1 overlies a major erosion surface that trends along the syncline, cross-cuts the downdip anti- cl""}, {""doc"": ""Basin Research - 2016 - Ortiz‐Karpf - Mass‐transport complexes as markers of deep‐water fold‐and‐thrust belt evolution "", ""tier"": ""same_chunk"", ""snip"": ""Variance extraction at the base of N1 overlain by seismic facies maps for N1 and N2, which are mainly composed of facies 1. Note the arcuate scarps (AS) visible on the variance extraction. (b) Seismic line along the northern region. N1 and N2 traverse the northern downdip anticline (NDA); the strati""}]"
triggering cascading mass movements,BS ramps,impacts,True,2,A_direct,28,27,"[{""doc"": ""Alves_AAPG_MTDs_14"", ""tier"": ""same_chunk"", ""snip"": ""considers the full spectrum of amplitudes within hemipelagites and continuous strata con- fining the MTDs to which the CDE method is applied. This same algorithm converts absolute values of C, D, and E in a constant sum, a necessary condition to represent CDE values in ternary plots (Figure 8). MAPP""}, {""doc"": ""Bull & Cartwright (2009)"", ""tier"": ""same_chunk"", ""snip"": ""1984; Masson et al., 1993; Bøe et al., 2000; Laberg et al., 2000; Laberg and Vorren, 2000; Haﬂidason et al., 2004; Wilson et al., 2004; Frey Martinez et al., 2005, 2006; Gee et al., 2005; Schnellmann et al., 2005; Lastras et al., 2006) and the study of ancient outcrops (Farrell, 1984; Martinsen and ""}, {""doc"": ""Bull & Cartwright (2009)"", ""tier"": ""same_chunk"", ""snip"": ""comprises the main translated body of the MTC, between the up and downslope extremes (Fig. 2). The movement of the failed material downslope across the basal shear surface can lead to intense deformation (Martinsen,1994), and the formation of a variety of features which can provide kinematic informa""}]"
post deposition regional deformation,BS ramps,impacts,True,1,A_or_B_same_chunk,25,27,"[{""doc"": ""Basin Research - 2016 - Ortiz‐Karpf - Mass‐transport complexes as markers of deep‐water fold‐and‐thrust belt evolution "", ""tier"": ""same_chunk"", ""snip"": ""Mass-transport complexes asmarkers of deep- water fold-and-thrust belt evolution: insights from the southern Magdalena fan, offshore Colombia Andrea Ortiz-Karpf,* David M. Hodgson,* Christopher A.-L. Jackson† and William D. McCaffrey* *School of Earth and Environment, University of Leeds, Leeds, UK ""}, {""doc"": ""Basin Research - 2016 - Ortiz‐Karpf - Mass‐transport complexes as markers of deep‐water fold‐and‐thrust belt evolution "", ""tier"": ""same_chunk"", ""snip"": ""10.1111/bre.12208 EAGE or by seismic activity (e.g. Moore et al., 1976; Torelli et al., 1997; Goldﬁnger et al., 2000; Frey-Martinez et al., 2005, 2006; Minisini et al., 2007; Lamarche et al., 2008; Cattaneo et al., 2010; Dan et al., 2010; Romero-Otero et al., 2010; Geersen et al., 2011; Alfaro & Hol""}, {""doc"": ""Basin Research - 2016 - Ortiz‐Karpf - Mass‐transport complexes as markers of deep‐water fold‐and‐thrust belt evolution "", ""tier"": ""same_chunk"", ""snip"": ""evo- lution. However, there is still a paucity of detailed, three-dimensional analyses that link the timing, location and character of MTCs with the growth of individual structures within developing deep-water fold-and-thrust belts. Furthermore, the evolution and chronostrati- graphic signiﬁcance of""}]"
flow behavior: elastic,scours,impacts,True,2,A_direct,27,10,"[{""doc"": ""Giacomo Dalla Valle"", ""tier"": ""same_chunk"", ""snip"": ""with some conﬁdence that the headwall region of MTD_0.1 has reached the outer shelf region (Figs. 4A, 5B). At the transition between the lower slope and the basin ﬂoor, the base of MTD_0.1 cuts about 30 m into the underlying stratigraphy, forming an erosional edge (Fig. 4C). In the distal sector, th""}, {""doc"": ""Giacomo Dalla Valle"", ""tier"": ""same_chunk"", ""snip"": ""both upper slope, ﬁne-grained contouritic deposits and, presumably more lithiﬁed, outer shelf sands, as its headwall reached the shelf-break region (Fig. 9B). The MTD_1.2a accumulation zone is characterized by a series of kinematic features such as pressure ridges and scours (Fig. 7B). Erosional sco""}, {""doc"": ""Moscardelli_and_Wood_2008"", ""tier"": ""same_chunk"", ""snip"": ""random fabric, clast size variable, matrix variable. Rip ups, rafts, inverse grading and flow structures possible. Normal size grading, sharp basal contacts, gradational upper contacts. Seismically Recognizable Features (Moscardelli et al., 2006; this work) Continuous blocks without apparent interna""}]"
seafloor effective friction angle,scours,impacts,True,2,B_weak_cross_doc,9,10,[]
lithology of underlying material downslope,BS strong amplitude,impacts,True,0,A_or_B_same_chunk,11,30,"[{""doc"": ""Bull & Cartwright (2009)"", ""tier"": ""same_chunk"", ""snip"": ""due to a realignment of the maximum compressive stress, causing different rates of displacement across the width of the MTC toe (Frey Martinez et al., 2006). Prior et al. (1984) sug- gested that the development of pressure ridges may progress through a combination of ‘stopping’ forces and resistance""}, {""doc"": ""Bull & Cartwright (2009)"", ""tier"": ""same_chunk"", ""snip"": ""failed material moves over the basal shear surface, or indeed, a combination of these two factors may be critical (Strachan, 2002a; Frey Martinez et al., 2005). Strachan (2002a) postulated that pre-existing weaknesses in the basal shear surface, caused by original deposition of the sediments, may be""}, {""doc"": ""Bull & Cartwright (2009)"", ""tier"": ""same_chunk"", ""snip"": ""often observed from near the headwall regions of MTCs (Solheim et al., 2005; Fig. 7A, C), or where translation of material across the basal shear surface is limited (Frey Martinez et al., 2005). In this context, the basal shear surface propagates downwards to link with a deeper weak layer. The basal""}]"
fluid overpressure on basal surface,BS strong amplitude,impacts,True,3,A_direct,30,30,"[{""doc"": ""9781565762879_ch03"", ""tier"": ""same_chunk"", ""snip"": ""most MTD sheets generated by such failures are relatively thin (120 to 300 ms) and have short run-out distances of 5 to 35 km across the abyssal seafloor adjacent to the slope (Table 1; Goldfinger et al., 2000; Nelson et al., 2000). These short run-out distances (Figs. 5, 6) contrast with MTD sheets""}, {""doc"": ""Alves_AAPG_MTDs_14"", ""tier"": ""same_sentence"", ""snip"": ""To apply the CDE method, the top and basal surfaces of MTDs should be mapped in detail.""}, {""doc"": ""Alves_AAPG_MTDs_14"", ""tier"": ""same_sentence"", ""snip"": ""• Directionality (D) is directly related to the ex- istence of a syn- or postdepositional fabric as, for instance, on basal shear surfaces of MTDs.""}]"
post deposition of turbidites,US with turbidites on top,impacts,True,0,A_direct,16,34,"[{""doc"": ""9781565762879_ch03"", ""tier"": ""same_chunk"", ""snip"": ""buried shelf channels fed into canyon heads and some incipient turbidity-current channels developed (Carlson and Karl, 1988). Despite the formation of some channels during Pleistocene low- stands, subsequent massive MTD events apparently destroyed the incipient channel systems (Figs. 3, 4A). Consequ""}, {""doc"": ""9781565762879_ch03"", ""tier"": ""same_chunk"", ""snip"": ""Stages (MIS) 1 to 5 during the past 130,000 years, show that the oldest ponded MTD 1 sheet occurs immediately above the Y8 ash layer, which is ~ 84,000 years old (Expedition 308 Scientists, 2005; Mallarino et al., 2005). At this time of relatively high sea level (MIS 5), when MTD 1 was deposited, th""}, {""doc"": ""9781565762879_ch03"", ""tier"": ""same_chunk"", ""snip"": ""1 and note that numbering scheme of this study is opposite that of the Brazos Basin 4 studies, where MTD 1 is the oldest; FIG. 10.—GLORIA side-scan sonar image of the northern Gulf of Mexico that shows: 1) hummocky nonchannelized MTD sheets covering the northeastern (Eastern surficial MTD) and south""}]"
triggering turbidity current,post deposition of turbidites,impacts,True,0,A_direct,19,16,"[{""doc"": ""9781565762879_ch03"", ""tier"": ""same_chunk"", ""snip"": ""buried shelf channels fed into canyon heads and some incipient turbidity-current channels developed (Carlson and Karl, 1988). Despite the formation of some channels during Pleistocene low- stands, subsequent massive MTD events apparently destroyed the incipient channel systems (Figs. 3, 4A). Consequ""}, {""doc"": ""9781565762879_ch03"", ""tier"": ""same_chunk"", ""snip"": ""AND PANTIN, H.M., 1986, Self-accelerating tur- bidity currents: Journal of Fluid Mechanics, v. 171, p. 145–181. PASSCHIER, S., O’BRIEN, P.E., DAMUTH, J.E., JANUSCZAK, N., HANDWERGER, D.D., AND WHITEHEAD, J.M., 2003, Pliocene–Pleistocene glaciomarine sedimentation in eastern Prydz Bay and development""}, {""doc"": ""Bourget,j"", ""tier"": ""same_sentence"", ""snip"": ""INTRODUCTION Early conceptual models of turbidity current deposition and submarine turbidite system devel- opment essentially envisaged the development of channel-leve´e systems associated with uncon- ﬁned, fan-shaped distal sediment bodies.""}]"
triggering turbidity current at stop,post deposition of turbidites,impacts,True,0,A_direct,20,16,"[{""doc"": ""9781565762879_ch03"", ""tier"": ""same_chunk"", ""snip"": ""buried shelf channels fed into canyon heads and some incipient turbidity-current channels developed (Carlson and Karl, 1988). Despite the formation of some channels during Pleistocene low- stands, subsequent massive MTD events apparently destroyed the incipient channel systems (Figs. 3, 4A). Consequ""}, {""doc"": ""9781565762879_ch03"", ""tier"": ""same_chunk"", ""snip"": ""AND PANTIN, H.M., 1986, Self-accelerating tur- bidity currents: Journal of Fluid Mechanics, v. 171, p. 145–181. PASSCHIER, S., O’BRIEN, P.E., DAMUTH, J.E., JANUSCZAK, N., HANDWERGER, D.D., AND WHITEHEAD, J.M., 2003, Pliocene–Pleistocene glaciomarine sedimentation in eastern Prydz Bay and development""}, {""doc"": ""Bourget,j"", ""tier"": ""same_sentence"", ""snip"": ""INTRODUCTION Early conceptual models of turbidity current deposition and submarine turbidite system devel- opment essentially envisaged the development of channel-leve´e systems associated with uncon- ﬁned, fan-shaped distal sediment bodies.""}]"
triggering cascading mass movements,upward connection to other MTDs,impacts,True,0,A_direct,28,27,"[{""doc"": ""9781565762879_ch03"", ""tier"": ""same_chunk"", ""snip"": ""by a variety of turbidite systems, with only minor basin-floor MTDs. Then we provide three examples that exhibit mixed MTD and turbidite systems, such as the Mediterranean continental margin off the Ebro River in Spain, which has some segments dominated by MTDs and others dominated by turbidite syst""}, {""doc"": ""9781565762879_ch03"", ""tier"": ""same_chunk"", ""snip"": ""Mass-transport deposit (MTD) is a general term that refers to all slumps, slides, and debris flows generated and emplaced by gravity-controlled processes except for turbidity currents. MTDs include movement and emplacement by brittle deformation (slides), plastic deformation (slumps), and plastic or""}, {""doc"": ""Alves_AAPG_MTDs_14"", ""tier"": ""same_chunk"", ""snip"": ""with large D or moderate CDE values. INTRODUCTION Landslide deposits reflect gravitational movements of near- surface strata in which the internal cohesion of failed material is maintained (Nemec, 1990; Hampton et al., 1996; Locat, 2001; Everhøi et al., 2005; Lee et al., 2006; Sultan et al., 2007). ""}]"
existing geomorphology,lateral connection to other MTDs,impacts,True,0,A_direct,25,31,"[{""doc"": ""Basin Research - 2016 - Ortiz‐Karpf - Mass‐transport complexes as markers of deep‐water fold‐and‐thrust belt evolution "", ""tier"": ""same_chunk"", ""snip"": ""from Romero, 2009 Other anticline axis projected from Romero, 2009 Southern downdip anticline SFZ and updip thrusts projected from Romero, 2009 SFZ and updip thrusts projected from Romero, 2009 Uncertain interpretation Pre-existing CLC ? Pre-C1MTCs in southern syncline Pre C1 MTCs in northern syncli""}, {""doc"": ""Bull & Cartwright (2009)"", ""tier"": ""same_chunk"", ""snip"": ""both en echelon tensile failures and through-going strike-slip faults. Considering the inﬂuence of rheology on structural development, this division of structural style could be used to differentiate areas of contrasting rheology. Alternatively, the differing structural styles may be a consequence o""}, {""doc"": ""Chinese J of Geophysics - 2013 - WU - Analysis on Seismic Characteristics and Triggering Mechanisms of Mass Transport"", ""tier"": ""same_sentence"", ""snip"": ""MTDs are characterized by apparent geomorphology and sedimentary structures.""}]"
triggering cascading mass movements,runout distance,impacts,True,1,A_or_B_same_chunk,28,30,"[{""doc"": ""9781565762879_ch03"", ""tier"": ""same_chunk"", ""snip"": ""Mass-transport deposit (MTD) is a general term that refers to all slumps, slides, and debris flows generated and emplaced by gravity-controlled processes except for turbidity currents. MTDs include movement and emplacement by brittle deformation (slides), plastic deformation (slumps), and plastic or""}, {""doc"": ""9781565762879_ch03"", ""tier"": ""same_chunk"", ""snip"": ""Gullies erode into the upper slope. Outer shelf is cut by normal faults that parallel the shelf edge, and a graben formed. b) Large blocks detached from the upper slope, initiating breaching of the shelf–slope break. c) Continued mass movement resulted in headward and lateral canyon excavation of th""}, {""doc"": ""Alves_AAPG_MTDs_14"", ""tier"": ""same_chunk"", ""snip"": ""with large D or moderate CDE values. INTRODUCTION Landslide deposits reflect gravitational movements of near- surface strata in which the internal cohesion of failed material is maintained (Nemec, 1990; Hampton et al., 1996; Locat, 2001; Everhøi et al., 2005; Lee et al., 2006; Sultan et al., 2007). ""}]"
initial aspect ratio and top of mass slope angle,initial potential energy of mass,impacts,True,0,A_direct,34,28,"[{""doc"": ""9781565762879_ch03"", ""tier"": ""same_chunk"", ""snip"": ""Sur submarine slide, Monterey fan, central California: Sedimentology, v. 35, p. 629–647. NORMARK, W.R., AND REID, J.A., 2003, Extensive deposits on the Pacific Plate from late Pleistocene North American glacial lake outbursts: Journal of Geology, v. 111, p. 617–637. NORMARK, W.R., MEYER, A.H., CREME""}, {""doc"": ""9781565762879_ch03"", ""tier"": ""same_chunk"", ""snip"": ""AND DROZ, L., 1995, Late quaternary turbidity current activity: the Var deep-sea fan case study (Northwestern Mediterranean) (abstract): Interna- tional Association of Sedimentologists, 16th Regional Meeting of Sedimentology—5ème Congrès Français de Sédimentologie-ASF. 24–26 Avril 1995, Aix-Les-Bain""}, {""doc"": ""Alves_AAPG_MTDs_14"", ""tier"": ""same_chunk"", ""snip"": ""on Deep-Sea Drilling Program (DSDP), ODP, and IODP data. It then continues by presenting the mathematical and geophysical concepts behind the new CDE method. In the data analysis section, we test the CDE method in three case studies from southeast Japan (Nankai Trough) and southeast Brazil (Espírito""}]"
initial potential energy of mass,runout distance,impacts,True,1,A_direct,28,30,"[{""doc"": ""Alves_AAPG_MTDs_14"", ""tier"": ""same_chunk"", ""snip"": ""tion to the headwall (proximal erosive), transla- tional (intermediate), and toe (distal) parts of MTDs. This is an important character, as strata within specific zones of MTDs can show similar deformation styles, basal erosional features, and boundary features regardless of their size or litho- log""}, {""doc"": ""Elverhoi, A., Breien"", ""tier"": ""same_chunk"", ""snip"": ""preserve its original composition, and this ability is determined by the amount of fines in the debris flow slurry. Hydroplaning, stretching and a low degree of deposition are factors that enhance the run-out of clay-rich and coherent flows, and all are linked to the presence of clay. In some cases,""}, {""doc"": ""Elverhoi, A., Breien"", ""tier"": ""same_chunk"", ""snip"": ""that the head of the initial 1929 Grand Banks landslide may have been located in the area of the quake epicentre, at a distance of 100 km from the first cable break (see Fig. 16b). In response to the retrogressive failure, debris flows were subsequently mobi- lised at gradually shallower water depth""}]"
topography confinement downwards,triggering turbidity current at stop,impacts,True,0,A_direct,21,20,"[{""doc"": ""Bourget,j"", ""tier"": ""same_chunk"", ""snip"": ""58, 376–406 doi: 10.1111/j.1365-3091.2010.01168.x 376 � 2010 The Authors. Journal compilation � 2010 International Association of Sedimentologists dynamics and the resulting sediment distribution. Channel formation in the abyssal plain and trench-ﬁll characteristics depend on the theoretical ‘equili""}, {""doc"": ""Bourget,j"", ""tier"": ""same_chunk"", ""snip"": ""large failures of the shelf edge and/or upper slope ﬁne-grained sediments, occasionally reach the centre of the Oman basin during the Late Holocene highstand conditions. The resulting FA-3 beds are mostly composed of thick Te muds, and the silt/sand bases (Tc-d) are typically millimetre to decimetre""}, {""doc"": ""Elverhoi, A., Breien"", ""tier"": ""same_sentence"", ""snip"": ""A rough topography leading to a varying flow velocity may have been important for the disintegration and transformation of the debris flows into a turbidity current (according to the terminology of Piper et al.""}]"
topography confinement downwards,seafloor shapes and dip variations,related_to,False,0,A_or_B_same_chunk,21,21,"[{""doc"": ""Bourget,j"", ""tier"": ""same_chunk"", ""snip"": ""large failures of the shelf edge and/or upper slope ﬁne-grained sediments, occasionally reach the centre of the Oman basin during the Late Holocene highstand conditions. The resulting FA-3 beds are mostly composed of thick Te muds, and the silt/sand bases (Tc-d) are typically millimetre to decimetre""}, {""doc"": ""1-s2.0-S0025322712000412-main"", ""tier"": ""same_chunk"", ""snip"": ""C D back wall back wall A Exp. 4 Ff = 1.91 Exp. 3 Ff = 3.05 Exp. 1 Ff = 6.23 D, exp. 4 C, exp. 3 B, exp. 1 exp. 2 exp. 5 C B original thickness D Fig. 8. Headwall area morphology is diagnostic of initial ﬂow factor. A high ﬂow factor (Experiment 1) results in a smooth source area (green proﬁle, phot""}, {""doc"": ""1-s2.0-S0025322712000412-main"", ""tier"": ""same_chunk"", ""snip"": ""1–4 (Experiments 5 and 6 could not be mapped with the laser). B–E. Deposit surface maps (dip maps which accentuate local variations in the surface). Cross section locations indicated by dashed line. Experiment 1 (high Ff) is thin and broad with maximum thickness located in the central portion of the""}]"
flow behavior: elastic,detached MTD,impacts,True,1,A_direct,27,31,"[{""doc"": ""9781565762879_ch03"", ""tier"": ""same_sentence"", ""snip"": ""Mass-transport deposit (MTD) is a general term that refers to all slumps, slides, and debris flows generated and emplaced by gravity-controlled processes except for turbidity currents.""}, {""doc"": ""9781565762879_ch03"", ""tier"": ""same_sentence"", ""snip"": ""Mass-transport deposit (MTD) is a general term that refers to all slumps, slides, and debris flows generated and emplaced by gravity-controlled processes except for turbidity currents.""}, {""doc"": ""9781565762879_ch03"", ""tier"": ""same_sentence"", ""snip"": ""Downloaded from http://pubs.geoscienceworld.org/books/edited-volume/chapter-pdf/3802166/9781565762879_ch03.pdf by Sorbonne Universite user 59 INTERPLAY OF MASS-TRANSPORT AND TURBIDITE-SYSTEM DEPOSITS mixed contourite and debris-flow deposition, that take place during later glacial deposition.""}]"
detached MTD,volume,related_to,False,1,A_direct,31,31,"[{""doc"": ""9781565762879_ch03"", ""tier"": ""same_sentence"", ""snip"": ""e-mail: dtwichell@usgs.gov ABSTRACT: The volume and interplay of mass-transport (MTD) and turbidite-system deposits varies on different continental margins depending on local and external controls such as active-margin or passive-margin tectonic setting and climatic and/or sea-level change.""}, {""doc"": ""9781565762879_ch03"", ""tier"": ""same_sentence"", ""snip"": ""Downloaded from http://pubs.geoscienceworld.org/books/edited-volume/chapter-pdf/3802166/9781565762879_ch03.pdf by Sorbonne Universite user 41 INTERPLAY OF MASS-TRANSPORT AND TURBIDITE-SYSTEM DEPOSITS submarine-fan system was fed by river drainage systems across the Bering shelf.""}, {""doc"": ""9781565762879_ch03"", ""tier"": ""same_sentence"", ""snip"": ""Downloaded from http://pubs.geoscienceworld.org/books/edited-volume/chapter-pdf/3802166/9781565762879_ch03.pdf by Sorbonne Universite user 41 INTERPLAY OF MASS-TRANSPORT AND TURBIDITE-SYSTEM DEPOSITS submarine-fan system was fed by river drainage systems across the Bering shelf.""}]"
subsidence/uplift,HS downslope evolution,impacts,True,3,B_distributed,20,5,[]
subsidence/uplift,basin depocenter position,impacts,True,1,A_or_B_same_chunk,20,10,"[{""doc"": ""Bourget,j"", ""tier"": ""same_chunk"", ""snip"": ""the western domain, where piggyback basins are connected to the canyons, and seem to act as preferred turbidity current pathways (Fig. 7). In the ‘closed’ piggyback at the mouth of Canyon 3 (Fig. 8), a 200 km2 lobe of very low backscatter (black) acoustic facies is observed downstream of the knickpo""}, {""doc"": ""Bourget,j"", ""tier"": ""same_chunk"", ""snip"": ""plunge pool formation. If signiﬁcant trapping of coarse-grained sediments occur within the plunge pools, they could potentially form substantial reservoirs in hydro- carbon-bearing subsurface successions. However, this possibility would depend on their longer term evolution and preservation (includi""}, {""doc"": ""1-s2.0-S0264817216304585-main"", ""tier"": ""same_chunk"", ""snip"": ""article.) Q. Sun et al. / Marine and Petroleum Geology 81 (2017) 17e32 19 4) What is the importance of the interpreted MTDs, and associated free gas, to future geohazard assessments in the Pearl River Mouth Basin and other continental margins? 2. Geological setting The South China Sea is the largest""}]"
source domain in basin,HS morphology,impacts,True,1,A_or_B_same_chunk,22,5,"[{""doc"": ""Bull & Cartwright (2009)"", ""tier"": ""same_chunk"", ""snip"": ""et al., 2006). In addition, a step-like, or ‘stair- case’ pattern may be observed in dip-section (e.g. Kvalstad et al., 2005; Lastras et al., 2006), which is often taken to be indicative of a retrogressive or ‘back-stepping’ pattern of failure development (Kvalstad et al., 2005; Solheim et al., 2005""}, {""doc"": ""Bull & Cartwright (2009)"", ""tier"": ""same_chunk"", ""snip"": ""of an array of MTCs (labelled) which can be separated into 3 separate events, labelled 1–3. (B) Seismic section through headwall scarp of a Levant Basin MTC (location shown in A). (C) Seismic section from the headwall domain of the Storegga Slide showing Storegga Slide deposits and older MTC deposit""}, {""doc"": ""Dos-Reis-et-al-2016-MPG"", ""tier"": ""same_chunk"", ""snip"": ""of the Early Pliocene and the end of the Early Pleistocene, that is to say, between Horizons D (c. 3.8 Ma) and H (c. 1.8 Ma). The younger PM3 and PM4 took place during the mid to late Pleistocene, as indicated by the age of the stratigraphic horizon H (c. 1.8 Ma) which lies just below AM3 (Figs. 8 a""}]"
flow behavior: elastic,presence of preserved blocks,impacts,True,4,A_direct,27,30,"[{""doc"": ""9781565762879_ch03"", ""tier"": ""same_chunk"", ""snip"": ""most MTD sheets generated by such failures are relatively thin (120 to 300 ms) and have short run-out distances of 5 to 35 km across the abyssal seafloor adjacent to the slope (Table 1; Goldfinger et al., 2000; Nelson et al., 2000). These short run-out distances (Figs. 5, 6) contrast with MTD sheets""}, {""doc"": ""Alves_AAPG_MTDs_14"", ""tier"": ""same_chunk"", ""snip"": ""to changes in the compressibility of shales, an observation that led Flodin et al. (2003) to suggest that correlations between geophysical and petrophysical data must consider the ratio Vp 2/Vs 2 as the main parameter inducing variations in the acoustic impedance of strata. This latter ratio is rela""}, {""doc"": ""Alves_AAPG_MTDs_14"", ""tier"": ""same_chunk"", ""snip"": ""image volume. In the specific case of MTDs, their internal variability can be specifically quantified by three distinct textural parameters: contrast, directional- ity, and energy. Contrast (C) indicates the relative degree of heterogeneity and disaggregation of strata, parameters that are useful to""}]"
flow behavior: elastic,triggering turbidity current,impacts,True,1,A_direct,27,19,"[{""doc"": ""9781565762879_ch03"", ""tier"": ""same_sentence"", ""snip"": ""Mass-transport deposit (MTD) is a general term that refers to all slumps, slides, and debris flows generated and emplaced by gravity-controlled processes except for turbidity currents.""}, {""doc"": ""9781565762879_ch03"", ""tier"": ""same_sentence"", ""snip"": ""Mass-transport deposit (MTD) is a general term that refers to all slumps, slides, and debris flows generated and emplaced by gravity-controlled processes except for turbidity currents.""}, {""doc"": ""9781565762879_ch03"", ""tier"": ""same_sentence"", ""snip"": ""Graded sand turbidites are like those typically generated from canyon-head processes (e.g., ignitive turbidity currents of storms, hyperpycnal flows from floods) (Fig.""}]"
lithology in transported mass,triggering turbidity current,impacts,True,2,A_direct,16,19,"[{""doc"": ""9781565762879_ch03"", ""tier"": ""same_chunk"", ""snip"": ""Mass-transport deposit (MTD) is a general term that refers to all slumps, slides, and debris flows generated and emplaced by gravity-controlled processes except for turbidity currents. MTDs include movement and emplacement by brittle deformation (slides), plastic deformation (slumps), and plastic or""}, {""doc"": ""9781565762879_ch03"", ""tier"": ""same_chunk"", ""snip"": ""length are observed in the seismic profiles of the abyssal seafloor downstream from the canyon mouths; however, surface or subsurface channel– levee complexes are not observed in Figure 3 and are rarely observed in numerous other profiles (Carlson and Karl, 1988; Carlson et al., 1991). Previous inve""}, {""doc"": ""9781565762879_ch03"", ""tier"": ""same_chunk"", ""snip"": ""INTERPLAY OF MASS-TRANSPORT AND TURBIDITE-SYSTEM DEPOSITS channel walls, because such clay clasts of deep-sea hemipelagic clay are fine-grained clays (> 8 phi), have low organic carbon contents (~ 0.5%), and contain authigenic pyrite. In contrast, clay clasts within chaotic silt have coarser grain s""}]"
flow direction,presence of preserved blocks,impacts,True,1,A_direct,35,30,"[{""doc"": ""9781565762879_ch03"", ""tier"": ""same_chunk"", ""snip"": ""most MTD sheets generated by such failures are relatively thin (120 to 300 ms) and have short run-out distances of 5 to 35 km across the abyssal seafloor adjacent to the slope (Table 1; Goldfinger et al., 2000; Nelson et al., 2000). These short run-out distances (Figs. 5, 6) contrast with MTD sheets""}, {""doc"": ""Alves_AAPG_MTDs_14"", ""tier"": ""same_chunk"", ""snip"": ""to changes in the compressibility of shales, an observation that led Flodin et al. (2003) to suggest that correlations between geophysical and petrophysical data must consider the ratio Vp 2/Vs 2 as the main parameter inducing variations in the acoustic impedance of strata. This latter ratio is rela""}, {""doc"": ""Alves_AAPG_MTDs_14"", ""tier"": ""same_chunk"", ""snip"": ""image volume. In the specific case of MTDs, their internal variability can be specifically quantified by three distinct textural parameters: contrast, directional- ity, and energy. Contrast (C) indicates the relative degree of heterogeneity and disaggregation of strata, parameters that are useful to""}]"
flow velocity and energy,preserved blocks size,impacts,True,1,A_or_B_same_chunk,10,22,"[{""doc"": ""Elverhoi, A., Breien"", ""tier"": ""same_chunk"", ""snip"": ""preserve its original composition, and this ability is determined by the amount of fines in the debris flow slurry. Hydroplaning, stretching and a low degree of deposition are factors that enhance the run-out of clay-rich and coherent flows, and all are linked to the presence of clay. In some cases,""}]"
initial potential energy of mass,flow velocity and energy,impacts,True,0,A_direct,28,10,"[{""doc"": ""Alves_AAPG_MTDs_14"", ""tier"": ""same_chunk"", ""snip"": ""Assessing the internal character, reservoir potential, and seal competence of mass-transport deposits using seismic texture: A geophysical and petrophysical approach Tiago M. Alves, Kuncho Kurtev, Gregory F. Moore, and Michael Strasser ABSTRACT Three-dimensional (3-D) seismic volumes from southeast ""}, {""doc"": ""Alves_AAPG_MTDs_14"", ""tier"": ""same_chunk"", ""snip"": ""to changes in the compressibility of shales, an observation that led Flodin et al. (2003) to suggest that correlations between geophysical and petrophysical data must consider the ratio Vp 2/Vs 2 as the main parameter inducing variations in the acoustic impedance of strata. This latter ratio is rela""}, {""doc"": ""Alves_AAPG_MTDs_14"", ""tier"": ""same_chunk"", ""snip"": ""image volume. In the specific case of MTDs, their internal variability can be specifically quantified by three distinct textural parameters: contrast, directional- ity, and energy. Contrast (C) indicates the relative degree of heterogeneity and disaggregation of strata, parameters that are useful to""}]"
grains heterogeneity in flowing mass,preserved blocks size,related_to,False,1,A_or_B_same_chunk,17,22,"[{""doc"": ""9781565762879_ch03"", ""tier"": ""same_chunk"", ""snip"": ""(above and facing page).—A) Map of Amazon Deep-Sea Fan showing surficial distributary channels of the Upper Levee Complex and the two large MTD sheets (Western MTD and Eastern MTD) on the fan surface (map is redrawn from Damuth et al., 1988; Amazon Channel from Flood et al., 1991). Heavy dashed line""}, {""doc"": ""Elverhoi, A., Breien"", ""tier"": ""same_chunk"", ""snip"": ""preserve its original composition, and this ability is determined by the amount of fines in the debris flow slurry. Hydroplaning, stretching and a low degree of deposition are factors that enhance the run-out of clay-rich and coherent flows, and all are linked to the presence of clay. In some cases,""}, {""doc"": ""J. S. Laberg"", ""tier"": ""same_chunk"", ""snip"": ""f). The porosity of MTD 6 follows the general trend of lithological subunit 1a and decreases with depth, somewhat more pronounced at the lowermost level. Some scattering occur, including the MTD 6 interval. The shear strength however displays more scatter with- in the MTD 6 interval although roughly""}]"
flow behavior: elastic,chaotic facies distribution,impacts,True,0,A_direct,27,24,"[{""doc"": ""9781565762879_ch03"", ""tier"": ""same_sentence"", ""snip"": ""5, 6) contain the chaotic deposits of debris flows (Goldfinger et al., 2000; Nelson et al., 2000).""}, {""doc"": ""9781565762879_ch03"", ""tier"": ""same_sentence"", ""snip"": ""These individual MTD beds have a variety of lithologies that vary from clay-clast debris flows to chaotic silt beds.""}, {""doc"": ""9781565762879_ch03"", ""tier"": ""same_sentence"", ""snip"": ""These individual MTD beds have a variety of lithologies that vary from clay-clast debris flows to chaotic silt beds in mini-basins (Fig.""}]"
grains heterogeneity in flowing mass,chaotic facies distribution,impacts,True,0,A_or_B_same_chunk,17,24,"[{""doc"": ""9781565762879_ch03"", ""tier"": ""same_chunk"", ""snip"": ""cm—see Fig. 14; Nelson et al., 1992). Twichell et al. (1996) and Twichell et al. (2009) showed that the eastern MTD sheet blocked the youngest channel of the inner and middle FIG. 14.—Lithologies, ages, x-ray radiographs, and grain sizes of thin interbedded MTD chaotic silt and graded turbidite sand""}, {""doc"": ""9781565762879_ch03"", ""tier"": ""same_chunk"", ""snip"": ""individual MTD beds have a variety of lithologies that vary from clay-clast debris flows to chaotic silt beds in mini-basins (Fig. 14; Nelson et al., 1992). In the distal depositional lobes of Mississippi Fan, however, the chaotic silts are dominant, consist of soft clay clasts in a silt matrix, and""}, {""doc"": ""9781565762879_ch03"", ""tier"": ""same_chunk"", ""snip"": ""(above and facing page).—A) Map of Amazon Deep-Sea Fan showing surficial distributary channels of the Upper Levee Complex and the two large MTD sheets (Western MTD and Eastern MTD) on the fan surface (map is redrawn from Damuth et al., 1988; Amazon Channel from Flood et al., 1991). Heavy dashed line""}]"
grains heterogeneity in flowing mass,transparent facies distribution,impacts,True,0,A_or_B_same_chunk,17,25,"[{""doc"": ""Basin Research - 2016 - Ortiz‐Karpf - Mass‐transport complexes as markers of deep‐water fold‐and‐thrust belt evolution "", ""tier"": ""same_chunk"", ""snip"": ""burial histories, which are commonly used to evaluate the timing of hydrocarbon generation and expulsion. It can also inﬂuence the prediction of the characteristics and distribution of the sedimentary pack- ages downdip of the MTCs. Furthermore, the presence of coalescing MTCs can introduce lateral ""}, {""doc"": ""Bourget,j"", ""tier"": ""same_chunk"", ""snip"": ""Université, Wiley Online Library on [16/04/2025]. See the Terms and Conditions (https://onlinelibrary.wiley.com/terms-and-conditions) on Wiley Online Library for rules of use; OA articles are governed by the applicable Creative Commons License a′ Fig. 9. Three-dimensional bathymetry of the plunge po""}, {""doc"": ""RichardsonetalBasinResearch2011-online (1)"", ""tier"": ""same_chunk"", ""snip"": ""Jackson, J. & Walker, R. (2004) Late Cenozoic re- organization of the Arabia^Eurasia collision and the compari- son of short-term and long-term deformation rates. Tectonics, 23,TC2008, doi: 10.1029/2003TC001530. Allen, M.B., Jones, S., Ismail-Zadeh, A., Simmons, M. & Anderson, L. (2002) Onset of sub""}]"
compaction during burial,transparent facies distribution,impacts,True,0,A_or_B_same_chunk,11,25,"[{""doc"": ""Bull & Cartwright (2009)"", ""tier"": ""same_chunk"", ""snip"": ""MTCs have occurred relatively recently, and so their morphological expression on the seaﬂoor, including the headwall scarp, has not yet been inﬁlled (Prior et al., 1984; Masson et al., 1993; Bøe et al., 2000; Laberg et al., 2000; Laberg and Vorren, 2000; Canals et al., 2004; Haﬂidason et al., 2004; ""}, {""doc"": ""1-s2.0-S0025322713000571-main"", ""tier"": ""same_chunk"", ""snip"": ""continental margins where the headwall scarp is imperceptible and, as in the case of the study area, salt structures are prominent and well-developed (Figs. 4 and 12). However, this work highlights the existence of quad- rants on the margins of rising diapirs in which the MTDs' lithology and interna""}]"
posterior fluid migrations,transparent facies distribution,impacts,True,0,A_or_B_same_chunk,3,25,"[{""doc"": ""1-s2.0-S0264817216304585-main"", ""tier"": ""same_chunk"", ""snip"": ""Research paper Free gas accumulations in basal shear zones of mass-transport deposits (Pearl River Mouth Basin, South China Sea): An important geohazard on continental slope basins Qiliang Sun a, b, *, Tiago Alves c, Xinong Xie a, b, Jiaxiong He d, **, Wei Li e, Xianglong Ni f a Key Laboratory of Te""}]"
posterior fluid migrations,chaotic facies distribution,impacts,True,1,A_or_B_same_chunk,3,24,"[{""doc"": ""1-s2.0-S0264817216304585-main"", ""tier"": ""same_chunk"", ""snip"": ""Research paper Free gas accumulations in basal shear zones of mass-transport deposits (Pearl River Mouth Basin, South China Sea): An important geohazard on continental slope basins Qiliang Sun a, b, *, Tiago Alves c, Xinong Xie a, b, Jiaxiong He d, **, Wei Li e, Xianglong Ni f a Key Laboratory of Te""}]"
evaporite deformation & mud volcanism,faulty facies distribution,impacts,True,0,A_or_B_same_chunk,14,24,"[{""doc"": ""J. S. Laberg"", ""tier"": ""same_chunk"", ""snip"": ""(consistent) occurrence, E.h. Emiliania huxleyi, P.l. Pseudoemiliania lacunosa, R.a. Reticulofenestra asanoi, G.sp.(l, m) Gephyrocapsa species (large, medium). The synthetic seismogram is from Alves et al. (2014) Landslides 14 & (2017) 851 faults observed are likely associated with loading imposed o""}, {""doc"": ""Two-scale_gravitational_collapse_in_the_Amazon_Fan"", ""tier"": ""same_chunk"", ""snip"": ""ﬂuvio-deltaic, lacustrine and marine strata (Cacipore´ Formation), inﬁlling pull-apart half- grabens (Figueiredo et al. 2007). Open-marine clastic deposition started in the Late Albian (c. 102 Ma) with deposition of deep- water mudstones and siltstones (Limoeiro Formation) that lasted until the Late""}]"
post deposition regional deformation,faulty facies distribution,impacts,True,0,A_or_B_same_chunk,25,24,"[{""doc"": ""9781565762879_ch03"", ""tier"": ""same_chunk"", ""snip"": ""section between the early Oligocene WL-U3 to early Miocene WL-U5 seismic reflections; and B) dominantly turbidite channel–levee seismic facies mixed with MTD seismic facies in a strike section in the later deposits above the WL-5 seismic reflection. The white box at the southern edge of the Antarcti""}, {""doc"": ""9781565762879_ch03"", ""tier"": ""same_chunk"", ""snip"": ""AND PANTIN, H.M., 1986, Self-accelerating tur- bidity currents: Journal of Fluid Mechanics, v. 171, p. 145–181. PASSCHIER, S., O’BRIEN, P.E., DAMUTH, J.E., JANUSCZAK, N., HANDWERGER, D.D., AND WHITEHEAD, J.M., 2003, Pliocene–Pleistocene glaciomarine sedimentation in eastern Prydz Bay and development""}, {""doc"": ""Dos-Reis-et-al-2016-MPG"", ""tier"": ""same_chunk"", ""snip"": ""of the Early Pliocene and the end of the Early Pleistocene, that is to say, between Horizons D (c. 3.8 Ma) and H (c. 1.8 Ma). The younger PM3 and PM4 took place during the mid to late Pleistocene, as indicated by the age of the stratigraphic horizon H (c. 1.8 Ma) which lies just below AM3 (Figs. 8 a""}]"
frontal compression,ridged facies distribution,impacts,True,2,A_or_B_same_chunk,24,24,"[{""doc"": ""Basin Research - 2016 - Ortiz‐Karpf - Mass‐transport complexes as markers of deep‐water fold‐and‐thrust belt evolution "", ""tier"": ""same_chunk"", ""snip"": ""it onlaps and erodes an underlying external levee. It is truncated by S2 (Fig. 6a). Structural deformation hinders the identiﬁ- cation of its eastern depositional limit, seismic facies or transport direction. MTC S2 overlies an erosion surface that incises S1 and is erosionally overlain by S3 (Fig. ""}, {""doc"": ""Basin Research - 2016 - Ortiz‐Karpf - Mass‐transport complexes as markers of deep‐water fold‐and‐thrust belt evolution "", ""tier"": ""same_chunk"", ""snip"": ""on Wiley Online Library for rules of use; OA articles are governed by the applicable Creative Commons License N NDA Central Region SDA N1 UA (c) (b) Northern Region Central Region NDA (d) Onlapping, undeformed CLCs N1 N1 N2 N2 N2 terminates against C1 N1 underliesC1 C1 E 0 2 500 m 4 km SW N2 AS AS F""}, {""doc"": ""Bourget,j"", ""tier"": ""same_chunk"", ""snip"": ""al. � 2010 The Authors. Journal compilation � 2010 International Association of Sedimentologists, Sedimentology, 58, 376–406 13653091, 2011, 2, Downloaded from https://onlinelibrary.wiley.com/doi/10.1111/j.1365-3091.2010.01168.x by Bibliothèque de Sorbonne Université, Wiley Online Library on [16/04/""}]"
topography confinement downwards,frontal compression,impacts,True,1,A_or_B_same_chunk,21,24,"[{""doc"": ""Alves_AAPG_MTDs_14"", ""tier"": ""same_chunk"", ""snip"": ""ridges, steps, and remnant (but aligned) ridges of strata close to basal shear planes of MTDs are important features of high D (see Alves, 2013). Toe regions show the largest variability in terms of absolute values of D because of the existence of inherited topography that will potentially con- trol""}, {""doc"": ""Bourget,j"", ""tier"": ""same_chunk"", ""snip"": ""subduction zone (Ellouz- Zimmermann et al., 2007b). The LMR interacts with the accretionary wedge and causes general uplift of the eastern wedge as well as stacking of thrust faults and steeper slopes of the frontal structure (Ellouz-Zimmermann et al., 2007b; Mouchot, 2009). The regional distributio""}, {""doc"": ""Bull & Cartwright (2009)"", ""tier"": ""same_chunk"", ""snip"": ""also for those described by previous studies. Frontally conﬁned MTCs are characterised by the develop- ment of large-scale thrust and fold systems (Huvenne et al., 2002; Frey Martinez et al., 2006; Gafeira et al., 2007), whilst those which are frontally emergent typically exhibit pressure ridges (e.""}]"
flow direction,ridged facies distribution,impacts,True,1,A_direct,35,24,"[{""doc"": ""9781565762879_ch03"", ""tier"": ""same_chunk"", ""snip"": ""most MTD sheets generated by such failures are relatively thin (120 to 300 ms) and have short run-out distances of 5 to 35 km across the abyssal seafloor adjacent to the slope (Table 1; Goldfinger et al., 2000; Nelson et al., 2000). These short run-out distances (Figs. 5, 6) contrast with MTD sheets""}, {""doc"": ""9781565762879_ch03"", ""tier"": ""same_chunk"", ""snip"": ""section between the early Oligocene WL-U3 to early Miocene WL-U5 seismic reflections; and B) dominantly turbidite channel–levee seismic facies mixed with MTD seismic facies in a strike section in the later deposits above the WL-5 seismic reflection. The white box at the southern edge of the Antarcti""}, {""doc"": ""9781565762879_ch03"", ""tier"": ""same_chunk"", ""snip"": ""Cooper A.K., Raymond, C.R., and the 10th ISAES Editorial Team, eds., Proceedings of the 10th ISAES, U.S. Geological Survey OF-2007-1047, Short Research Paper 026, doi:10.31333/of2007-1047.srp026. [ONLINE] http://pubs.usgs.gov/ of/2007/1047/srp/srp026/index.html EXPEDITION 308 SCIENTISTS, 2005, Overp""}]"
flow behavior: elastic,ridged facies distribution,impacts,True,2,A_direct,27,24,"[{""doc"": ""9781565762879_ch03"", ""tier"": ""same_chunk"", ""snip"": ""most MTD sheets generated by such failures are relatively thin (120 to 300 ms) and have short run-out distances of 5 to 35 km across the abyssal seafloor adjacent to the slope (Table 1; Goldfinger et al., 2000; Nelson et al., 2000). These short run-out distances (Figs. 5, 6) contrast with MTD sheets""}, {""doc"": ""9781565762879_ch03"", ""tier"": ""same_chunk"", ""snip"": ""section between the early Oligocene WL-U3 to early Miocene WL-U5 seismic reflections; and B) dominantly turbidite channel–levee seismic facies mixed with MTD seismic facies in a strike section in the later deposits above the WL-5 seismic reflection. The white box at the southern edge of the Antarcti""}, {""doc"": ""9781565762879_ch03"", ""tier"": ""same_chunk"", ""snip"": ""Cooper A.K., Raymond, C.R., and the 10th ISAES Editorial Team, eds., Proceedings of the 10th ISAES, U.S. Geological Survey OF-2007-1047, Short Research Paper 026, doi:10.31333/of2007-1047.srp026. [ONLINE] http://pubs.usgs.gov/ of/2007/1047/srp/srp026/index.html EXPEDITION 308 SCIENTISTS, 2005, Overp""}]"
seafloor shapes and dip variations,thrust fault angle increase to toe,impacts,True,1,A_or_B_same_chunk,21,23,"[{""doc"": ""Basin Research - 2016 - Ortiz‐Karpf - Mass‐transport complexes as markers of deep‐water fold‐and‐thrust belt evolution "", ""tier"": ""same_chunk"", ""snip"": ""International Association of Sedimentologists 75 MTCs as markers of fold belt evolution 13652117, 2018, S1, Downloaded from https://onlinelibrary.wiley.com/doi/10.1111/bre.12208 by Bibliothèque de Sorbonne Université, Wiley Online Library on [13/03/2025]. See the Terms and Conditions (https://online""}, {""doc"": ""Ian R. Clark, Joseph A. Cartwright"", ""tier"": ""same_chunk"", ""snip"": ""This study subdivides the post-Messinian sedimentary section further into three sub-units, with each unit being deﬁned by its own seismic- Fig. 2. Block diagram summarising the methodology used to characterise the channel levee systems in this study. Channel isochron maps were calculated between the""}, {""doc"": ""1-s2.0-S0025322713000571-main"", ""tier"": ""same_chunk"", ""snip"": ""quadrants show DBs and SDBs (Fig. 9d). In summary, ramps within the drag zones frequently relate to the deposition of blocky MTDs, while those beyond the drag zones mostly favoured the deposition of debrites (Fig. 12b). Geometrically, three kinds of axial ratio are common in the drag zones; these ar""}]"
post deposition regional deformation,thrust fault angle increase to toe,impacts,True,1,A_or_B_same_chunk,25,23,"[{""doc"": ""Alves_AAPG_MTDs_14"", ""tier"": ""same_chunk"", ""snip"": ""potential. They can also correlate with the presence of fluids (bright spots), further presenting the CDE method as a valid approach to characterize MTDs in terms of their reservoir po- tential and seal competence. By using this same method for successive intervals, one can estimate the degree of in""}, {""doc"": ""Bourget,j"", ""tier"": ""same_chunk"", ""snip"": ""plunge pool formation. If signiﬁcant trapping of coarse-grained sediments occur within the plunge pools, they could potentially form substantial reservoirs in hydro- carbon-bearing subsurface successions. However, this possibility would depend on their longer term evolution and preservation (includi""}, {""doc"": ""Dos-Reis-et-al-2016-MPG"", ""tier"": ""same_chunk"", ""snip"": ""set of thrusts emerges above the general regional datum deﬁned by the top of the landslide mass, creating a positive topography of about 100 m high (Figs. 13 and 14B). Similarly, near its eastern end in the Par�a-Maranh~ao basin, the land- slide mass ramps up from about 450 m to 100 m below sea- ﬂoo""}]"
lithology of underlying material in source zone,thrust fault angle increase to toe,impacts,True,1,A_or_B_same_chunk,21,23,"[{""doc"": ""Basin Research - 2016 - Ortiz‐Karpf - Mass‐transport complexes as markers of deep‐water fold‐and‐thrust belt evolution "", ""tier"": ""same_chunk"", ""snip"": ""the southern and central regions (Figs 5f and 8d); although an erosion surface can locally be observed between MTC S6 and MTC C1 (Fig. 5), it is not consistently traceable, meaning it is possible that S6 is part of C1 (Fig. 6a). To the SW, S6 thins and pinches-out against relief developed along the ""}, {""doc"": ""Bull & Cartwright (2009)"", ""tier"": ""same_chunk"", ""snip"": ""due to a realignment of the maximum compressive stress, causing different rates of displacement across the width of the MTC toe (Frey Martinez et al., 2006). Prior et al. (1984) sug- gested that the development of pressure ridges may progress through a combination of ‘stopping’ forces and resistance""}, {""doc"": ""Bull & Cartwright (2009)"", ""tier"": ""same_chunk"", ""snip"": ""failed material moves over the basal shear surface, or indeed, a combination of these two factors may be critical (Strachan, 2002a; Frey Martinez et al., 2005). Strachan (2002a) postulated that pre-existing weaknesses in the basal shear surface, caused by original deposition of the sediments, may be""}]"
remobilization,upward connection to other MTDs,impacts,True,0,A_direct,5,27,"[{""doc"": ""Alves_AAPG_MTDs_14"", ""tier"": ""same_chunk"", ""snip"": ""for steeply steeping strata flanking diapir B (Figures 13B, 14B, 16A). In this CDE plot, we discriminate be- tween strata with distinct degrees of disaggregation alternating and intact blocks with remnant sub- horizontal strata. Based on the plot in Figure 17 and on data from the two other case stud""}, {""doc"": ""Alves_AAPG_MTDs_14"", ""tier"": ""same_chunk"", ""snip"": ""common to translation zones of Alves et al. 815 MTDs, where debrites are common, as they record the bulk of downslope movement of such strata (Varnes, 1978; Frey-Martinez et al., 2006). Dis- tinct degrees of strata remobilization can occur in this region, a factor creating variations in the absolute""}, {""doc"": ""Alves_AAPG_MTDs_14"", ""tier"": ""same_chunk"", ""snip"": ""lead to the complete stop of the MTD (Alves, 2013). Therefore, in toe regions of MTDs, failed sediment will potentially show low C, D, and E when reflecting a high degree of disaggre- gation and very moderate amplitude contrasts in strata. One significant control on C and E is the nature of the sour""}]"
remobilization,lateral connection to other MTDs,impacts,True,0,A_direct,5,31,"[{""doc"": ""Alves_AAPG_MTDs_14"", ""tier"": ""same_chunk"", ""snip"": ""for steeply steeping strata flanking diapir B (Figures 13B, 14B, 16A). In this CDE plot, we discriminate be- tween strata with distinct degrees of disaggregation alternating and intact blocks with remnant sub- horizontal strata. Based on the plot in Figure 17 and on data from the two other case stud""}, {""doc"": ""Alves_AAPG_MTDs_14"", ""tier"": ""same_chunk"", ""snip"": ""common to translation zones of Alves et al. 815 MTDs, where debrites are common, as they record the bulk of downslope movement of such strata (Varnes, 1978; Frey-Martinez et al., 2006). Dis- tinct degrees of strata remobilization can occur in this region, a factor creating variations in the absolute""}, {""doc"": ""Alves_AAPG_MTDs_14"", ""tier"": ""same_chunk"", ""snip"": ""lead to the complete stop of the MTD (Alves, 2013). Therefore, in toe regions of MTDs, failed sediment will potentially show low C, D, and E when reflecting a high degree of disaggre- gation and very moderate amplitude contrasts in strata. One significant control on C and E is the nature of the sour""}]"
flow behavior: elastic,surface area,impacts,True,1,A_direct,27,36,"[{""doc"": ""9781565762879_ch03"", ""tier"": ""same_chunk"", ""snip"": ""by a variety of turbidite systems, with only minor basin-floor MTDs. Then we provide three examples that exhibit mixed MTD and turbidite systems, such as the Mediterranean continental margin off the Ebro River in Spain, which has some segments dominated by MTDs and others dominated by turbidite syst""}, {""doc"": ""9781565762879_ch03"", ""tier"": ""same_chunk"", ""snip"": ""most MTD sheets generated by such failures are relatively thin (120 to 300 ms) and have short run-out distances of 5 to 35 km across the abyssal seafloor adjacent to the slope (Table 1; Goldfinger et al., 2000; Nelson et al., 2000). These short run-out distances (Figs. 5, 6) contrast with MTD sheets""}, {""doc"": ""9781565762879_ch03"", ""tier"": ""same_chunk"", ""snip"": ""et al., 2005). In our later discussion on the Gulf of Mexico margin, we observe that MTD sheets have run-out lengths from 300 to 450 km across the Mississippi Fan surface (Table 1). Geotechnical engineers have recently hypothesized that con- tinental slopes of seismically active margins may develop ""}]"
initial aspect ratio and top of mass slope angle,seafloor effective friction angle,impacts,True,1,A_direct,34,9,"[{""doc"": ""A.I. Chemenda, T. Bois ⁎, S. Bouissou, E. Tric"", ""tier"": ""same_chunk"", ""snip"": ""and with homogeneous reduction in cohesion with time has been chosen to deﬁne the ﬁrst-order deformation pattern of the gravitationally destabilizing slope. As expected, this process is affected by both the slope material properties and the topography. For the topography of the La Clapière slope, th""}, {""doc"": ""Journal of Geophysical Research  Solid Earth - 2005 - Mangeney‐Castelnau - On the use of Saint Venant equations to simulate"", ""tier"": ""same_chunk"", ""snip"": ""On the use of Saint Venant equations to simulate the spreading of a granular mass A. Mangeney-Castelnau,1,2 F. Bouchut,3 J. P. Vilotte,1 E. Lajeunesse,2,4 A. Aubertin,1,2 and M. Pirulli1,2,5 Received 4 May 2004; revised 9 March 2005; accepted 11 April 2005; published 16 September 2005. [1] Cliff col""}, {""doc"": ""Journal of Geophysical Research  Solid Earth - 2005 - Mangeney‐Castelnau - On the use of Saint Venant equations to simulate"", ""tier"": ""same_chunk"", ""snip"": ""extent of the deposit, the final height, and the arrest time of the front can be directly estimated from the ‘‘generic solution’’ of the model for terrestrial and extraterrestrial avalanches. The effective friction, a parameter classically used to describe the mobility of gravitational flows, is sho""}]"
grains heterogeneity in flowing mass,seafloor effective friction angle,impacts,True,1,A_or_B_same_chunk,17,9,"[{""doc"": ""Journal of Geophysical Research  Solid Earth - 2005 - Mangeney‐Castelnau - On the use of Saint Venant equations to simulate"", ""tier"": ""same_chunk"", ""snip"": ""(u, v) denotes the depth-averaged horizontal flow velocity in the horizontal-vertical Cartesian reference frame (x, y, z), h is the free upper surface, r is the mass density, and g is acceleration due to gravity. These equations model the hydrostatic imbalance in presence of an averaged friction for""}, {""doc"": ""Journal of Geophysical Research  Solid Earth - 2005 - Mangeney‐Castelnau - On the use of Saint Venant equations to simulate"", ""tier"": ""same_chunk"", ""snip"": ""k depends phenomenologically on both a basal friction angle and an internal friction angle that are to be determined indepen- dently experimentally. The effective parameter may depend on the sign of the divergence of the averaged tangential velocity field. The effect of k would be to change the late""}, {""doc"": ""Journal of Geophysical Research  Solid Earth - 2005 - Mangeney‐Castelnau - On the use of Saint Venant equations to simulate"", ""tier"": ""same_chunk"", ""snip"": ""as previous studies that directly compare granular flow laboratory experiments along rough inclined planes with LWA numerical simulations [Pouliquen and Forterre, 2002]. [17] The friction force has a direction opposite to the averaged tangential velocity field and when flowing, the amplitude of the ""}]"
sedimentation rate and type,lithology of underlying material in source zone,impacts,True,0,A_or_B_same_chunk,28,21,"[{""doc"": ""Bull & Cartwright (2009)"", ""tier"": ""same_chunk"", ""snip"": ""Marine and Petroleum Geology 26 (2009) 1132–1151 a continuum, whereby one type may evolve into or trigger another (Martinsen, 1994). Many of the submarine slope failure events imaged by the data available for this study are highly complex, and are likely to have involved a number of processes, possi""}, {""doc"": ""Bull & Cartwright (2009)"", ""tier"": ""same_chunk"", ""snip"": ""due to a realignment of the maximum compressive stress, causing different rates of displacement across the width of the MTC toe (Frey Martinez et al., 2006). Prior et al. (1984) sug- gested that the development of pressure ridges may progress through a combination of ‘stopping’ forces and resistance""}, {""doc"": ""1-s2.0-S0025322712000412-main"", ""tier"": ""same_chunk"", ""snip"": ""10 12 14 Elapsed Time (min) % Volume Released Exp. 4 Source 90% Lobe 10% Turbidity Current (1%) 40% Lobe Source 59% Fig. 7. Volumetric release rate is proportional to ﬂow factor. Experiment 1 (high Ff) occurred as a rapid pulse in which 70% of the initial source volume released within 5 s including ""}]"
sedimentation rate and type,lithology in transported mass,impacts,True,0,A_or_B_same_chunk,28,16,"[{""doc"": ""Bull & Cartwright (2009)"", ""tier"": ""same_chunk"", ""snip"": ""Marine and Petroleum Geology 26 (2009) 1132–1151 a continuum, whereby one type may evolve into or trigger another (Martinsen, 1994). Many of the submarine slope failure events imaged by the data available for this study are highly complex, and are likely to have involved a number of processes, possi""}, {""doc"": ""D. Leynaud"", ""tier"": ""same_chunk"", ""snip"": ""Abyssal Plain) to one main event during the past 60 kyr (Herodotus Basin). For the Agadir Canyon system (Ercilla et al., 2003), one large turbidity current feeds the Agadir Basin every 30 kyr (Weaver et al., 2000). When compared with submarine slides on the formerly glaciated mid- Norwegian margin w""}, {""doc"": ""1-s2.0-S0264817216304585-main"", ""tier"": ""same_chunk"", ""snip"": ""China Sea and continental margins recording important mass wasting. Strata charged with free gas form weak layers, hinting at a novel trigger of retrogressive slope failures on continental slopes worldwide. © 2017 Elsevier Ltd. All rights reserved. 1. Introduction Mass-transport deposits (MTDs) can ""}]"
lithology of underlying material in source zone,lithology in transported mass,impacts,True,1,A_or_B_same_chunk,21,16,"[{""doc"": ""Bull & Cartwright (2009)"", ""tier"": ""same_chunk"", ""snip"": ""Marine and Petroleum Geology 26 (2009) 1132–1151 a continuum, whereby one type may evolve into or trigger another (Martinsen, 1994). Many of the submarine slope failure events imaged by the data available for this study are highly complex, and are likely to have involved a number of processes, possi""}, {""doc"": ""Moscardelli_and_Wood_2008"", ""tier"": ""same_chunk"", ""snip"": ""and 8c) (Moscardelli et al., 2006). MTCs tend to be amalgamated, and surfaces between successive, stacked MTCs can be di⁄cult to recognize in seismic (Fig. 8) (Posamentier, 2004). Internally, MTCs can contain thrusted blocks (Weimer & Shipp, 2004) or syndepositional thrusts (Fig.9b) (Frey- Martinez ""}, {""doc"": ""1-s2.0-S0264817216304585-main"", ""tier"": ""same_chunk"", ""snip"": ""competent seal intervals to promote lateral migration of gas into undeformed slope strata. There are no wells drilled through the MTDs investigated in this paper and, thus, the petro- physical properties of MTDs cannot be directly assessed. Yet, the MTDs in the study area are likely ﬁne-grained as d""}]"
lithology of underlying material in source zone,lithology of underlying material downslope,related_to,False,0,A_direct,21,11,"[{""doc"": ""Bull & Cartwright (2009)"", ""tier"": ""same_sentence"", ""snip"": ""Combined with local slope direction from stratigraphic interpretation of the underlying sedimentary units, the trend indicates that the material within the pair of shears was being transported to the NNW.""}, {""doc"": ""Ian R. Clark, Joseph A. Cartwright"", ""tier"": ""same_sentence"", ""snip"": ""Diversion of submarine channels in this study is associated with increased deposition of levee material into the synclines as the channel is diverted around the zones of positive seaﬂoor topography above underlying thrust faulting (Fig.""}]"
lithology in transported mass,lithology distribution in MTD,impacts,True,0,A_direct,16,32,"[{""doc"": ""9781565762879_ch03"", ""tier"": ""same_chunk"", ""snip"": ""Mass-transport deposit (MTD) is a general term that refers to all slumps, slides, and debris flows generated and emplaced by gravity-controlled processes except for turbidity currents. MTDs include movement and emplacement by brittle deformation (slides), plastic deformation (slumps), and plastic or""}, {""doc"": ""9781565762879_ch03"", ""tier"": ""same_chunk"", ""snip"": ""length are observed in the seismic profiles of the abyssal seafloor downstream from the canyon mouths; however, surface or subsurface channel– levee complexes are not observed in Figure 3 and are rarely observed in numerous other profiles (Carlson and Karl, 1988; Carlson et al., 1991). Previous inve""}, {""doc"": ""9781565762879_ch03"", ""tier"": ""same_chunk"", ""snip"": ""Damuth et al., 2006). A core from an MTD bed on a steep mini-basin wall has a radiocarbon age of ~ 6,360 yr BP and indicates that some MTD events occurred during the Holocene; however, the dominant episode of MTD near-surface deposition occurs just prior to the Holocene during rapid sea-level rise (""}]"
erosion of underlying material,lithology distribution in MTD,impacts,True,0,A_or_B_same_chunk,20,32,"[{""doc"": ""Basin Research - 2016 - Ortiz‐Karpf - Mass‐transport complexes as markers of deep‐water fold‐and‐thrust belt evolution "", ""tier"": ""same_chunk"", ""snip"": ""evo- lution. However, there is still a paucity of detailed, three-dimensional analyses that link the timing, location and character of MTCs with the growth of individual structures within developing deep-water fold-and-thrust belts. Furthermore, the evolution and chronostrati- graphic signiﬁcance of""}, {""doc"": ""Basin Research - 2016 - Ortiz‐Karpf - Mass‐transport complexes as markers of deep‐water fold‐and‐thrust belt evolution "", ""tier"": ""same_chunk"", ""snip"": ""it onlaps and erodes an underlying external levee. It is truncated by S2 (Fig. 6a). Structural deformation hinders the identiﬁ- cation of its eastern depositional limit, seismic facies or transport direction. MTC S2 overlies an erosion surface that incises S1 and is erosionally overlain by S3 (Fig. ""}, {""doc"": ""Chinese J of Geophysics - 2013 - WU - Analysis on Seismic Characteristics and Triggering Mechanisms of Mass Transport"", ""tier"": ""same_chunk"", ""snip"": ""which is a requirement of all sliding. The basal shear surface is often present continuously in seismic proﬁles, but they may be aﬀected by faults, submarine morphology, late period erosion or material variations, sometimes show as a ladder form or even form erosion grooves and thrust structures (Fi""}]"
topography confinement downwards,presence of 'tongues' at toe,impacts,True,1,A_direct,21,19,"[{""doc"": ""Alves_AAPG_MTDs_14"", ""tier"": ""same_sentence"", ""snip"": ""Toe regions show the largest variability in terms of absolute values of D because of the existence of inherited topography that will potentially con- trol the degree of internal deformation of either frontally emergent or frontally confined MTDs Figure 17.""}, {""doc"": ""Alves_AAPG_MTDs_14"", ""tier"": ""same_sentence"", ""snip"": ""Toe regions show the largest variability in terms of absolute values of D because of the existence of inherited topography that will potentially con- trol the degree of internal deformation of either frontally emergent or frontally confined MTDs Figure 17.""}]"
terminal dispersion,presence of 'tongues' at toe,related_to,False,0,A_direct,4,19,"[{""doc"": ""Giacomo Dalla Valle"", ""tier"": ""same_chunk"", ""snip"": ""high headwall scar and its accumulation zone is mainly made up by coher- ent blocks, ridge-and-trough morphology (Fig. 8B). Ridge and trough morphology is commonly ascribed to gravitational spreading, indicat- ing localized compressional stresses acting during the ﬂow, possibly reﬂecting increased b""}, {""doc"": ""Moscardelli_and_Wood_2008"", ""tier"": ""same_sentence"", ""snip"": ""In the NW termination of the tongue of sediments, a series of pressure ridges can be observed on the RMS amplitude extraction map, which are typical in terminal lobes of debris £ows (Fig.""}]"
grains heterogeneity in flowing mass,presence of 'tongues' at toe,impacts,True,2,A_or_B_same_chunk,17,19,"[{""doc"": ""Alves_AAPG_MTDs_14"", ""tier"": ""same_chunk"", ""snip"": ""tion to the headwall (proximal erosive), transla- tional (intermediate), and toe (distal) parts of MTDs. This is an important character, as strata within specific zones of MTDs can show similar deformation styles, basal erosional features, and boundary features regardless of their size or litho- log""}]"
grains heterogeneity in flowing mass,lithology distribution in MTD,impacts,True,0,A_direct,17,32,"[{""doc"": ""9781565762879_ch03"", ""tier"": ""same_chunk"", ""snip"": ""cm—see Fig. 14; Nelson et al., 1992). Twichell et al. (1996) and Twichell et al. (2009) showed that the eastern MTD sheet blocked the youngest channel of the inner and middle FIG. 14.—Lithologies, ages, x-ray radiographs, and grain sizes of thin interbedded MTD chaotic silt and graded turbidite sand""}, {""doc"": ""9781565762879_ch03"", ""tier"": ""same_chunk"", ""snip"": ""individual MTD beds have a variety of lithologies that vary from clay-clast debris flows to chaotic silt beds in mini-basins (Fig. 14; Nelson et al., 1992). In the distal depositional lobes of Mississippi Fan, however, the chaotic silts are dominant, consist of soft clay clasts in a silt matrix, and""}, {""doc"": ""9781565762879_ch03"", ""tier"": ""same_chunk"", ""snip"": ""(above and facing page).—A) Map of Amazon Deep-Sea Fan showing surficial distributary channels of the Upper Levee Complex and the two large MTD sheets (Western MTD and Eastern MTD) on the fan surface (map is redrawn from Damuth et al., 1988; Amazon Channel from Flood et al., 1991). Heavy dashed line""}]"
existing geomorphology,posterior fluid migrations,impacts,True,1,B_distributed,25,3,[]
existing geomorphology,pore pressure increase by fluid migration,impacts,True,2,A_direct,25,26,"[{""doc"": ""D. Leynaud"", ""tier"": ""same_chunk"", ""snip"": ""(Laberg et al., 2003), and they provide potential slip planes (Forsberg and Locat, 2005; Kvalstad et al., 2005a). Sandy contourites are even less cohesive and are susceptible to liquefy under dynamic loading (earthquakes). To date, no liquefaction potential on a large-scale has been observed in the ""}, {""doc"": ""1-s2.0-S0025322712000412-main"", ""tier"": ""same_chunk"", ""snip"": ""the DSDP). Marine Geology 91, 267–279. Elverhoi, A., De Blasio, F.V., Butt, F.A., Issler, D., Harbitz, C., Engvik, L., Solheim, A., Marr, J., 2002. Submarine mass-wasting on glacially-inﬂuenced continental slopes: processes and dynamics. In: Dowdeswell, J.A., Cofaigh, C.O. (Eds.), Glacier-inﬂuenced ""}, {""doc"": ""1-s2.0-S0025322712000412-main"", ""tier"": ""same_chunk"", ""snip"": ""A: Mathematical, Physical and Engineering Sciences 364 (1845), 2009–2039. McAdoo, B.G., Pratson, L.F., Orange, D.L., 2000. Submarine landslide geomorphology, US continental slope. Marine Geology 169, 103–136. Minisini, D., Trincardi, F., Asioli, A., Canu, M., Foglini, F., 2007. Morphologic variabili""}]"
existing geomorphology,pore pressure increase by compression,impacts,True,1,A_direct,25,20,"[{""doc"": ""D. Leynaud"", ""tier"": ""same_chunk"", ""snip"": ""(Laberg et al., 2003), and they provide potential slip planes (Forsberg and Locat, 2005; Kvalstad et al., 2005a). Sandy contourites are even less cohesive and are susceptible to liquefy under dynamic loading (earthquakes). To date, no liquefaction potential on a large-scale has been observed in the ""}, {""doc"": ""1-s2.0-S0025322712000412-main"", ""tier"": ""same_chunk"", ""snip"": ""the DSDP). Marine Geology 91, 267–279. Elverhoi, A., De Blasio, F.V., Butt, F.A., Issler, D., Harbitz, C., Engvik, L., Solheim, A., Marr, J., 2002. Submarine mass-wasting on glacially-inﬂuenced continental slopes: processes and dynamics. In: Dowdeswell, J.A., Cofaigh, C.O. (Eds.), Glacier-inﬂuenced ""}, {""doc"": ""1-s2.0-S0025322712000412-main"", ""tier"": ""same_chunk"", ""snip"": ""A: Mathematical, Physical and Engineering Sciences 364 (1845), 2009–2039. McAdoo, B.G., Pratson, L.F., Orange, D.L., 2000. Submarine landslide geomorphology, US continental slope. Marine Geology 169, 103–136. Minisini, D., Trincardi, F., Asioli, A., Canu, M., Foglini, F., 2007. Morphologic variabili""}]"
pore pressure increase by compression,fluid overpressure,related_to,False,0,A_direct,20,29,"[{""doc"": ""D. Leynaud"", ""tier"": ""same_chunk"", ""snip"": ""(Laberg et al., 2003), and they provide potential slip planes (Forsberg and Locat, 2005; Kvalstad et al., 2005a). Sandy contourites are even less cohesive and are susceptible to liquefy under dynamic loading (earthquakes). To date, no liquefaction potential on a large-scale has been observed in the ""}, {""doc"": ""Dos-Reis-et-al-2016-MPG"", ""tier"": ""same_chunk"", ""snip"": ""magnitude) which follow the lineation of the neighboring Romanche Fracture Zone. We then hypothesize that such magnitude of seismicity could have acted as a potential trigger for insta- bility, especially if additional weakening factors such as karstiﬁcation had preconditioned the slope for failure.""}, {""doc"": ""Dos-Reis-et-al-2016-MPG"", ""tier"": ""same_chunk"", ""snip"": ""the upslope continuous scarp A, as low angle faults detaching along H3 (Figs. 8B and 9B). And yet, excess of pore water ﬂuid pressure still seems to occur along horizon H3, as depicted by the inversed polarity of its associated reﬂection signal (Fig. 8A). All these features sup- port the interpretat""}]"
pore pressure increase by fluid migration,fluid overpressure,related_to,False,1,A_direct,26,29,"[{""doc"": ""Alves_AAPG_MTDs_14"", ""tier"": ""same_sentence"", ""snip"": ""Tiago’s research interests include quantitative seismic interpretation to assess reservoir compartmentalization, seal competence, and fluid migration in sedimentary basins.""}, {""doc"": ""Alves_AAPG_MTDs_14"", ""tier"": ""same_sentence"", ""snip"": ""These variations commonly result in the migration and escape of fluids to the surface (Paull et al., 1996, 2003; Bünz et al., 2005; Flemings et al., 2005; Masson et al., 2006), partic- ularly in regions with low net-to-gross ratios or showing signifi- cant internal deformation in the form of folds, ""}, {""doc"": ""Alves_AAPG_MTDs_14"", ""tier"": ""same_sentence"", ""snip"": ""This latter ratio is related to petrophysical properties of subsurface strata through the follow- ing equation: Vp=Vs � �2 ¼ Kp=N þ Kb=N þ 4=3 ð1Þ in which Kb and N are the frame moduli, and Kp describes the pore space effects of fluid saturation, Sw, and porosity, f (Murphy et al., 1991).""}]"
permeability increase,pore pressure increase by fluid migration,related_to,False,2,A_direct,15,26,"[{""doc"": ""D. Leynaud"", ""tier"": ""same_sentence"", ""snip"": ""Rapid overloading of ﬁne-grained sediments could generate excess pore pressure depending on permeability and water content in the sediment.""}, {""doc"": ""D. Leynaud"", ""tier"": ""same_sentence"", ""snip"": ""(2003) proposed a model in which a lateral transfer of excess pore pressure from high permeability layers (oozes of the Brygge Formation; south of the Storegga Slide) to low permeability sediments (clays of the Naust Formation; north of the Storegga Slide) takes place.""}, {""doc"": ""D. Leynaud"", ""tier"": ""same_sentence"", ""snip"": ""Over time, this will however lead to the build-up of excess pore pressure beneath those permeability traps within the slope sediments and hence a situa- tion prone for failure to occur.""}]"
existing geomorphology,initial aspect ratio and top of mass slope angle,impacts,True,0,A_or_B_same_chunk,25,34,"[{""doc"": ""A.I. Chemenda, T. Bois ⁎, S. Bouissou, E. Tric"", ""tier"": ""same_chunk"", ""snip"": ""a group of perennial springs (Fig. 1). The whole La Clapière slope can be divided into Geomorphology 109 (2009) 86–93 ⁎ Corresponding author. Tel.: +33 492 942 620; fax: +33 492 942 610. E-mail address: bois@geoazur.unice.fr (T. Bois). 0169-555X/$ – see front matter © 2009 Elsevier B.V. All rights r""}, {""doc"": ""A.I. Chemenda, T. Bois ⁎, S. Bouissou, E. Tric"", ""tier"": ""same_chunk"", ""snip"": ""Gunzburger, Y., 2006. Models available to understand failure and pre-failure behaviour of large rock slope movement: the case of La Clapière, Southern Alps, France. In: Evans, Stephen G., Mugnozza, Gabriele Scarascia, Strom, Alexander, Hermanns, Reginald L. (Eds.), Landslides from Massive Rock Slope""}, {""doc"": ""Alves_AAPG_MTDs_14"", ""tier"": ""same_chunk"", ""snip"": ""extraction for 3D seismic visualization and interpretation: Geophysics, v. 68, p. 1294–1302. Gee, M. J. R., R. L. Gawthorpe, and S. J. Friedman, 2006, Triggering and evolution of a giant submarine landslide, offshore Angola, revealed by 3D seismic stratigraphy and geomorphology: Journal of Sedimenta""}]"
existing geomorphology,topography confinement downwards,related_to,False,0,A_direct,25,21,"[{""doc"": ""A.I. Chemenda, T. Bois ⁎, S. Bouissou, E. Tric"", ""tier"": ""same_sentence"", ""snip"": ""/ Geomorphology 109 (2009) 86–93 vertical boundaries themselves are set at the valley and the crest axes, which are thus considered as the axes of symmetry: the underlying assumption is, strictly saying, that the topography is periodic and that the model corresponds to its half-wavelength.""}, {""doc"": ""Bourget,j"", ""tier"": ""same_sentence"", ""snip"": ""See the Terms and Conditions (https://onlinelibrary.wiley.com/terms-and-conditions) on Wiley Online Library for rules of use; OA articles are governed by the applicable Creative Commons License analysed in order to address: (i) the overall morphology of the present-day turbidite system and its archi""}]"
grains heterogeneity in flowing mass,flow behavior: elastic,impacts,True,0,A_direct,17,27,"[{""doc"": ""9781565762879_ch03"", ""tier"": ""same_chunk"", ""snip"": ""individual MTD beds have a variety of lithologies that vary from clay-clast debris flows to chaotic silt beds in mini-basins (Fig. 14; Nelson et al., 1992). In the distal depositional lobes of Mississippi Fan, however, the chaotic silts are dominant, consist of soft clay clasts in a silt matrix, and""}, {""doc"": ""9781565762879_ch03"", ""tier"": ""same_chunk"", ""snip"": ""INTERPLAY OF MASS-TRANSPORT AND TURBIDITE-SYSTEM DEPOSITS channel walls, because such clay clasts of deep-sea hemipelagic clay are fine-grained clays (> 8 phi), have low organic carbon contents (~ 0.5%), and contain authigenic pyrite. In contrast, clay clasts within chaotic silt have coarser grain s""}, {""doc"": ""Alves_AAPG_MTDs_14"", ""tier"": ""same_chunk"", ""snip"": ""to changes in the compressibility of shales, an observation that led Flodin et al. (2003) to suggest that correlations between geophysical and petrophysical data must consider the ratio Vp 2/Vs 2 as the main parameter inducing variations in the acoustic impedance of strata. This latter ratio is rela""}]"
grains heterogeneity in flowing mass,triggering turbidity current,impacts,True,0,A_direct,17,19,"[{""doc"": ""9781565762879_ch03"", ""tier"": ""same_chunk"", ""snip"": ""INTERPLAY OF MASS-TRANSPORT AND TURBIDITE-SYSTEM DEPOSITS channel walls, because such clay clasts of deep-sea hemipelagic clay are fine-grained clays (> 8 phi), have low organic carbon contents (~ 0.5%), and contain authigenic pyrite. In contrast, clay clasts within chaotic silt have coarser grain s""}, {""doc"": ""Elverhoi, A., Breien"", ""tier"": ""same_chunk"", ""snip"": ""flow regime in the lower, dense part of the flow and the upper turbulent turbidity current. Eddies are visible inside the turbidity current Ocean Dynamics (2010) 60:1027–1046 1033 5.3 Low clay content (5%) The low coherency of the 5% clay flows results in break-up, turbulence (Fig. 9) and extensive ""}, {""doc"": ""Submarine_Mass_Movements_on_Continental"", ""tier"": ""same_chunk"", ""snip"": ""has con- siderable internal deformation with innumerable invisible or short-lived internal slip surfaces. Slides are movements of essentially rigid, internally un- deformed masses along discrete slip planes. In the literature, all forms of mass movement are occa- sionally referred to as slumps. Corr""}]"
triggering cascading MTDs,modifying basin geomorphology,impacts,True,0,A_or_B_same_chunk,8,17,"[{""doc"": ""Chinese J of Geophysics - 2013 - WU - Analysis on Seismic Characteristics and Triggering Mechanisms of Mass Transport"", ""tier"": ""same_chunk"", ""snip"": ""gravity and then deformation or even failure occurs while the shear force exceeds a certain value (Fig. 2). In the head domain area headwall scarps appear as continuous scarps that may comprise one or more salients and are typiﬁed by an arcuate geometry, which can reﬂect extension of Fig. 2 Headwall""}]"
sedimentation rate and type,compaction during burial,impacts,True,0,A_or_B_same_chunk,28,11,"[{""doc"": ""D. Leynaud"", ""tier"": ""same_chunk"", ""snip"": ""repetitive cycles) can also reduce the soil’s shear resistance in non-cohesive sediments, and an earthquake-induced excess pore pressure generation can result in the liquefaction of sediments (Leynaud et al., 2004; Sultan et al., 2004a). 3.1.2. Preconditions to failure 3.1.2.1. High sedimentation ra""}]"
compaction during burial,posterior fluid migrations,related_to,False,0,B_weak_cross_doc,11,3,[]
post deposition regional deformation,subsidence/uplift,related_to,False,0,A_direct,25,20,"[{""doc"": ""Basin Research - 2016 - Ortiz‐Karpf - Mass‐transport complexes as markers of deep‐water fold‐and‐thrust belt evolution "", ""tier"": ""same_chunk"", ""snip"": ""relationships and internal characteristics of the deposits are, therefore, well-preserved. The high resolution of the data and its tectonostratigraphic setting, therefore, enable: (i) the examination of variations in the distribution, source and size of the MTCs in response to growth of the deep-wat""}, {""doc"": ""Bourget,j"", ""tier"": ""same_chunk"", ""snip"": ""plunge pool formation. If signiﬁcant trapping of coarse-grained sediments occur within the plunge pools, they could potentially form substantial reservoirs in hydro- carbon-bearing subsurface successions. However, this possibility would depend on their longer term evolution and preservation (includi""}, {""doc"": ""D. Leynaud"", ""tier"": ""same_chunk"", ""snip"": ""oceano- graphic circulation patterns (e.g. Laberg and Vorren, 2003a; Canals et al., 2004a; Haﬂidason et al., 2004; Solheim et al., 2005a). A variety of mechanisms can initiate submarine mass movement (Sultan et al., 2004a). For example, the rapid deformation of sedi- ments affecting the stress–strai""}]"
source domain in basin,near structural elements laterally,impacts,True,0,C_absent,22,0,[]
post deposition regional deformation,US ramps or ridges,impacts,True,0,A_or_B_same_chunk,25,30,"[{""doc"": ""9781565762879_ch03"", ""tier"": ""same_chunk"", ""snip"": ""section between the early Oligocene WL-U3 to early Miocene WL-U5 seismic reflections; and B) dominantly turbidite channel–levee seismic facies mixed with MTD seismic facies in a strike section in the later deposits above the WL-5 seismic reflection. The white box at the southern edge of the Antarcti""}, {""doc"": ""Bull & Cartwright (2009)"", ""tier"": ""same_chunk"", ""snip"": ""boundary, correlated with a continuous, undeformed lower reﬂection which also forms the basal shear surface (Fig. 11A, B). Internally, continuous seismic reﬂections have been deformed into a series of convex upward, disharmonic folds which also appear to be affected by brittle discontinuities. The s""}, {""doc"": ""Bull & Cartwright (2009)"", ""tier"": ""same_chunk"", ""snip"": ""processes involved in the progression of the MTC and the resultant deformation within. Kinematic indicators previously discussed in Section 3.2 all have the potential to affect the top MTC surface in some manner, but in the following section we consider those indicators that are best observed from t""}]"
sea level evolution,vertical distribution of MTDs,impacts,True,1,A_direct,33,35,"[{""doc"": ""9781565762879_ch03"", ""tier"": ""same_chunk"", ""snip"": ""39 INTERPLAY OF MASS-TRANSPORT AND TURBIDITE-SYSTEM DEPOSITS Mass-Transport Deposits in Deepwater Settings SEPM Special Publication No. 96, Copyright © 2011 SEPM (Society for Sedimentary Geology), ISBN 978-1-56576-287-9, p. 39–66. INTERPLAY OF MASS-TRANSPORT AND TURBIDITE-SYSTEM DEPOSITS IN DIFFEREN""}, {""doc"": ""9781565762879_ch03"", ""tier"": ""same_sentence"", ""snip"": ""Our case studies provide the following new insights: (1) MTDs can dominate entire margins, dominate segments of a margin, be equally mixed with turbidites, or dominate a margin during some geologic times and not others; (2) on active tectonic margins with great earthquakes, the maximum run-out dista""}, {""doc"": ""9781565762879_ch03"", ""tier"": ""same_sentence"", ""snip"": ""First, we describe the continental margin of the southern Bering Sea off western Alaska, which provides an example of a margin dominated by MTDs.""}]"
source domain in basin,pore pressure increase by compression,impacts,True,1,A_or_B_same_chunk,22,20,"[{""doc"": ""Dos-Reis-et-al-2016-MPG"", ""tier"": ""same_chunk"", ""snip"": ""ﬂanks of the Amazon fan, where the Amap�a and Par�a-Maranh~ao megaslides occur, the upper d�ecollement level accommodates proximal normal faults (extensional domain) but without any basinward thrusting system, thus not constituting a typical gravity tectonic nappe composed of upslope extension linke""}, {""doc"": ""Dos-Reis-et-al-2016-MPG"", ""tier"": ""same_chunk"", ""snip"": ""magnitude) which follow the lineation of the neighboring Romanche Fracture Zone. We then hypothesize that such magnitude of seismicity could have acted as a potential trigger for insta- bility, especially if additional weakening factors such as karstiﬁcation had preconditioned the slope for failure.""}, {""doc"": ""Dos-Reis-et-al-2016-MPG"", ""tier"": ""same_chunk"", ""snip"": ""events of sedi- ment layers, instead of to a cumulative downslope stress capable of being accommodated by distal compression across thicker sedimentary series; (ii) in a similar way to the AM2-AM, the PMMC megaslides are all sourced from the same upslope deformed block, which has equally detached an""}]"
permeability increase,local fluidization,impacts,True,3,A_or_B_same_chunk,15,30,"[{""doc"": ""1-s2.0-S0040195109002819-main"", ""tier"": ""same_chunk"", ""snip"": ""it approaches the behavior of overpressured shale. For moderate to high pressures, sand has a frictional behavior. Detachments looked like very ﬁne shear bands and compressional belts are dominated by asymmetric basinward-verging thrusts as it is often observed in shale-detached fold belts. For ﬂuid""}, {""doc"": ""3-s2.0-B9780128130810007047-main"", ""tier"": ""same_chunk"", ""snip"": ""hydrate at 900 m water depth (90 atm) we will get 1.82 m3 of free gas while at 1500-m water depth (150 atm) only 1.09 m3 of free gas develops. Shallow-water methane hydrate reservoirs are expected to develop a larger volume of free methane and are therefore able to generate higher excess pore pressu""}, {""doc"": ""3-s2.0-B9780128130810007047-main"", ""tier"": ""same_chunk"", ""snip"": ""total volume and pore-pressure increase during decomposition. Observations indicate a heterogeneous distribution of hydrates within the hydrate stability zone (HSZ) in which, except for massive hydrates, the space occupied by hydrates is usually low (<5%) with local peaks (up to <15%). Thus, there a""}]"
seismicity or waves,permeability increase,impacts,True,3,A_or_B_same_chunk,26,15,"[{""doc"": ""Alves_AAPG_MTDs_14"", ""tier"": ""same_chunk"", ""snip"": ""tion to the headwall (proximal erosive), transla- tional (intermediate), and toe (distal) parts of MTDs. This is an important character, as strata within specific zones of MTDs can show similar deformation styles, basal erosional features, and boundary features regardless of their size or litho- log""}, {""doc"": ""JGR Earth Surface - 2013 - Urgeles - Submarine landslides of the Mediterranean Sea  Trigger mechanisms  dynamics  and"", ""tier"": ""same_chunk"", ""snip"": ""can be made on this respect, as only 70 landslides (out of 696 in the database) have relatively accurate age determinations. The temporal pattern and changes in frequency-magnitude distribution suggest that sedimentation patterns and pore pressure development have had a major role in triggering slop""}, {""doc"": ""S. Lafuerza, N. Sultan"", ""tier"": ""same_chunk"", ""snip"": ""la Merced s/n, 37008 Salamanca, Spain 123 Int J Earth Sci (Geol Rundsch) (2009) 98:751–768 DOI 10.1007/s00531-008-0376-2 u pore pressure, kPa uh pore ﬂuid pressure considering hydrostatic conditions, kPa u1 pore pressure at the cone, kPa u2 pore pressure behind the cone, kPa u3 pore pressure behind ""}]"
existing geomorphology,lateral erosive walls,impacts,True,0,B_distributed,25,11,[]
sea level evolution,seismicity or waves,impacts,True,3,A_direct,33,26,"[{""doc"": ""9781565762879_ch03"", ""tier"": ""same_sentence"", ""snip"": ""These systems include submarine fans, deep- sea channels, and some canyon mouths that contain plunge pools with downstream sediment waves, formed by turbidity currents (Fig.""}, {""doc"": ""9781565762879_ch03"", ""tier"": ""same_sentence"", ""snip"": ""6 Cascadia Deep-Sea Channel Juan de Fuca Channel JUAN DE FUCA PLATE Nitnat Fan Astoria Fan Astoria Channel Tufts Fan Rogue Apron Trinidad Pool & Waves Eel Waves, Channel & Lobe N California Oregon Washington GORDA PLATE Mendocino Channel BOS MTD FIG.""}, {""doc"": ""Alves_AAPG_MTDs_14"", ""tier"": ""same_sentence"", ""snip"": ""Ayres and Theilen (2001) demonstrated in the Barents Sea that variations in Vp and shear-wave velocity (Vs) relate to changes in the compress- ibility of sea-floor sediments.""}]"
seismicity,initial potential energy of mass,impacts,True,0,A_or_B_same_chunk,9,28,"[{""doc"": ""D. Leynaud"", ""tier"": ""same_chunk"", ""snip"": ""and soil properties. Additionally, on low latitudes, submarine slope failures mainly occurred during glacial conditions with low sea level, whereas on high latitudes, they occur during the relatively fast transition from glacial to interglacial conditions (i.e. during periods of sea level rise). The""}, {""doc"": ""D. Leynaud"", ""tier"": ""same_chunk"", ""snip"": ""complex of the mid-Norwegian margin have revealed new insights into the occurrence and dynamics of mass wasting in relation to sedimentation and oceanographic processes, glacial history and seismicity, which together form a key study for slope failure on (formerly) glaciated margins (e.g. Mienert, 2""}, {""doc"": ""D. Leynaud"", ""tier"": ""same_chunk"", ""snip"": ""on gentle slopes of less than 2 degrees (Hu¨hnerbach and Masson, 2004). This suggests that, locally, slope angle does not signiﬁcantly inﬂuence the occurrence of large-scale sliding on glaciated margins. On the other hand, there is some evidence (Vorren et al., 1998) that small slides between the Tr""}]"
flow velocity and energy,flow behavior: elastic,related_to,False,0,A_direct,10,27,"[{""doc"": ""9781565762879_ch03"", ""tier"": ""same_chunk"", ""snip"": ""C.K., WALLACE, P., AND THE ODP LEG 164 SCIENTIFIC PARTY, 1997, Direct measurements of in situ methane quantities in a large gas-hydrate reservoir: Nature, v. 389, p. 426–428. DONDA, F., BRANCOLINI, G., O´BRIEN, P., DE SANTIS, L., AND ESCUTIA, C., 2007, Sedimentary processes in the Wilkes Land margin""}, {""doc"": ""Alves_AAPG_MTDs_14"", ""tier"": ""same_chunk"", ""snip"": ""to changes in the compressibility of shales, an observation that led Flodin et al. (2003) to suggest that correlations between geophysical and petrophysical data must consider the ratio Vp 2/Vs 2 as the main parameter inducing variations in the acoustic impedance of strata. This latter ratio is rela""}, {""doc"": ""Alves_AAPG_MTDs_14"", ""tier"": ""same_chunk"", ""snip"": ""image volume. In the specific case of MTDs, their internal variability can be specifically quantified by three distinct textural parameters: contrast, directional- ity, and energy. Contrast (C) indicates the relative degree of heterogeneity and disaggregation of strata, parameters that are useful to""}]"
source domain in basin,sedimentation rate and type,impacts,True,0,A_direct,22,28,"[{""doc"": ""Basin Research - 2016 - Ortiz‐Karpf - Mass‐transport complexes as markers of deep‐water fold‐and‐thrust belt evolution "", ""tier"": ""same_chunk"", ""snip"": ""Mass-transport complexes asmarkers of deep- water fold-and-thrust belt evolution: insights from the southern Magdalena fan, offshore Colombia Andrea Ortiz-Karpf,* David M. Hodgson,* Christopher A.-L. Jackson† and William D. McCaffrey* *School of Earth and Environment, University of Leeds, Leeds, UK ""}, {""doc"": ""Bull & Cartwright (2009)"", ""tier"": ""same_chunk"", ""snip"": ""due to a realignment of the maximum compressive stress, causing different rates of displacement across the width of the MTC toe (Frey Martinez et al., 2006). Prior et al. (1984) sug- gested that the development of pressure ridges may progress through a combination of ‘stopping’ forces and resistance""}, {""doc"": ""D. Leynaud"", ""tier"": ""same_chunk"", ""snip"": ""gravity-controlled mass ﬂows (i.e. debris ﬂows, turbidity currents) of sediments takes place during glacial times. Taylor et al. (2002) estimated that, on the Norwegian Sea margin, approximately 75% of sediment deposited in the deeper basins are provided by debris ﬂows. During interglacial times, co""}]"
local fluidization,flow behavior: elastic,related_to,False,1,A_direct,30,27,"[{""doc"": ""Alves_AAPG_MTDs_14"", ""tier"": ""same_chunk"", ""snip"": ""image volume. In the specific case of MTDs, their internal variability can be specifically quantified by three distinct textural parameters: contrast, directional- ity, and energy. Contrast (C) indicates the relative degree of heterogeneity and disaggregation of strata, parameters that are useful to""}, {""doc"": ""epjbidisperse2007"", ""tier"": ""same_chunk"", ""snip"": ""the two ﬁrst groups of experiments (group A and B) equal to 25◦, for the third group of experiments (group C), the angle of the slope is equal to 19◦. The mass of beads poured into the cap is weighted before each run and is equal to 176 g. We deﬁne %l as the percentage of large beads present in the ""}, {""doc"": ""epjbidisperse2007"", ""tier"": ""same_chunk"", ""snip"": ""The local shift of the lines from the initial regular pattern (when the surface is free of beads) to the deformed pattern (in the presence of a granular mass) is proportional to the local thickness of the granular layer. This method is used in the case where the thickness is not uniform along the de""}]"
chemical effects,local fluidization,impacts,True,3,A_direct,26,30,"[{""doc"": ""9781565762879_ch03"", ""tier"": ""same_chunk"", ""snip"": ""MTD sheets in the downstream mini-basins. In contrast, the autochthonous MTD sheets and wedges, which are derived from local muddy basin walls to be deposited after sediment loading and during sea-level rise, tend to lack significant sandy facies. However, such local muddy sheets may serve as seals ""}, {""doc"": ""Alves_AAPG_MTDs_14"", ""tier"": ""same_chunk"", ""snip"": ""margin: Marine Geolo- gy, v. 264, p. 53–64. 822 Mass-Transport Deposits and Seismic Texture Lee, H., H. Ryan, R. E. Kayen, P. J. Haeussler, P. Dartnell, and M. A. Hampton, 2006, Varieties of submarine fail- ure morphologies of seismically induced landslides in Alaskan fjords: Norwegian Journal of Ge""}, {""doc"": ""Alves_AAPG_MTDs_14"", ""tier"": ""same_chunk"", ""snip"": ""W. Zimmerman, A.Skorstad, T.Manzocchi, and J. A. Howell, 2008, Assess- ing the effect of geological uncertainty on recovery esti- mates in shallow-marine reservoirs: The application of res- ervoir engineering to the SAIGUP project: Petroleum Geoscience, v. 14, p. 35–44. McEwen, A. S., 1989, Mobility""}]"
initial aspect ratio and top of mass slope angle,gravity,related_to,False,0,A_direct,34,35,"[{""doc"": ""9781565762879_ch03"", ""tier"": ""same_chunk"", ""snip"": ""Mass-transport deposit (MTD) is a general term that refers to all slumps, slides, and debris flows generated and emplaced by gravity-controlled processes except for turbidity currents. MTDs include movement and emplacement by brittle deformation (slides), plastic deformation (slumps), and plastic or""}, {""doc"": ""A.I. Chemenda, T. Bois ⁎, S. Bouissou, E. Tric"", ""tier"": ""same_chunk"", ""snip"": ""Numerical modelling of the gravity-induced destabilization of a slope: The example of the La Clapière landslide, southern France A.I. Chemenda, T. Bois ⁎, S. Bouissou, E. Tric Geosciences Azur, Université de Nice Sophia-Antipolis and CNRS, Valbonne, France a b s t r a c t a r t i c l e i n f o Artic""}, {""doc"": ""Alves_AAPG_MTDs_14"", ""tier"": ""same_chunk"", ""snip"": ""F. Cohen, M. Anis, T. W. Cooley, M. M. Honarpour, J. P. Wallace, and M. R. Chambers, 1998, Ubit field rejuvenation: A case history of reservoir man- agement of a giant oil field, offshore Nigeria: Society of Petroleum Engineers Annual Technical Conference and Exhibition, SPE Paper 49165, 16 p., doi:""}]"
offshore events and waves,initial potential energy of mass,impacts,True,0,A_direct,21,28,"[{""doc"": ""Alves_AAPG_MTDs_14"", ""tier"": ""same_chunk"", ""snip"": ""Sea plate. 796 Mass-Transport Deposits and Seismic Texture article, we discuss (1) expected CDE values for specific regions of MTDs, and (2) seal compe- tence and reservoir potential as a function of CDE distribution. DATA AND METHODS This work used 3-D seismic data covering 672 km2 (259 mi2) of the""}, {""doc"": ""Alves_AAPG_MTDs_14"", ""tier"": ""same_chunk"", ""snip"": ""tion to the headwall (proximal erosive), transla- tional (intermediate), and toe (distal) parts of MTDs. This is an important character, as strata within specific zones of MTDs can show similar deformation styles, basal erosional features, and boundary features regardless of their size or litho- log""}, {""doc"": ""Journal of Geophysical Research  Solid Earth - 2005 - Mangeney‐Castelnau - On the use of Saint Venant equations to simulate"", ""tier"": ""same_chunk"", ""snip"": ""On the use of Saint Venant equations to simulate the spreading of a granular mass A. Mangeney-Castelnau,1,2 F. Bouchut,3 J. P. Vilotte,1 E. Lajeunesse,2,4 A. Aubertin,1,2 and M. Pirulli1,2,5 Received 4 May 2004; revised 9 March 2005; accepted 11 April 2005; published 16 September 2005. [1] Cliff col""}]"
sedimentation rate and type,basin depocenter position,impacts,True,0,A_or_B_same_chunk,28,10,"[{""doc"": ""Giacomo Dalla Valle"", ""tier"": ""same_chunk"", ""snip"": ""during a period of relative sea level rise. MTC_1, the intermediate age MTC, is the largest one, with an area of 90 km2. It has a 10 km wide cookie-bite headwall region that indents the upper slope and, in places, reaches the continental shelf-break. MTC_1 is made up of four laterally and vertically""}, {""doc"": ""Giacomo Dalla Valle"", ""tier"": ""same_chunk"", ""snip"": ""Magdalena delta (Romero-Otero et al., 2010), in the Nile delta (Garziglia et al., 2008) and in the Gulf of Mexico (Perov and Bhattacharya, 2011). Furthermore, the formation of biogenic gas resulting from the de- position and decay of organic matter can lead to high pore water pressure with a consequ""}]"
sedimentation rate and type,subsidence/uplift,related_to,False,0,A_direct,28,20,"[{""doc"": ""D. Leynaud"", ""tier"": ""same_chunk"", ""snip"": ""Submarine mass movements on glaciated and non-glaciated European continental margins: A review of triggering mechanisms and preconditions to failure D. Leynaud a,*, J. Mienert a, M. Vanneste b a Department of Geology, University of Tromsø, Dramsveien 201, N-9037 Tromsø, Norway b International Centre""}, {""doc"": ""D. Leynaud"", ""tier"": ""same_sentence"", ""snip"": ""Among the potential triggers and destabilization processes, the most relevant are high sedimentation rates, climatically-controlled alternations in sedi- mentation, gas hydrate dissociation in the sediment’s pore space, diapirism, uplift and earthquakes, which would all lead to excess pore pressure ""}, {""doc"": ""Ian R. Clark, Joseph A. Cartwright"", ""tier"": ""same_sentence"", ""snip"": ""The increased sedimentation rate was accompanied by increased basin subsidence due to loading of the Messinian sequence (Tibor and Ben-Avaraham, 1992; Ben-Gai et al., 2005).""}]"
sea level evolution,sedimentation rate and type,impacts,True,0,A_direct,33,28,"[{""doc"": ""9781565762879_ch03"", ""tier"": ""same_chunk"", ""snip"": ""al., 2000; C. Goldfinger, written communication, 2008), which oc- curred approximately 11,000 yr BP (e.g., Baker and Bunker, 1985). A similar age for the 44 N slump (~ 11,600 yr BP) also is suggested, because the 44 N slump blocks the Astoria Channel. Downdip, this channel contains the latest Pleist""}, {""doc"": ""9781565762879_ch03"", ""tier"": ""same_chunk"", ""snip"": ""BP. Another important factor affecting younger sedimentation rates is the Missoula floods, which began depositing ~ 2100 km3 of turbiditic sediment on Astoria Fan (Normark and Reid, 2003), approximately 16,000 to 11,000 yr BP (Baker and Bunker, 1985). These deposits start at a depth of ~ 57 0 100 km""}, {""doc"": ""9781565762879_ch03"", ""tier"": ""same_chunk"", ""snip"": ""turbidite systems in Cascadia Basin. Nitnat and Astoria are submarine fans, Cascadia Channel is a deep-sea channel following a tectonic lineament, and Rogue Apron is a nonchannelized base-of-slope apron with sheet turbidites. The location of Figure 6 is outlined with a box. Figure is modified from N""}]"
local thickening of flowing material,thickness variation,impacts,True,1,A_or_B_same_chunk,17,31,"[{""doc"": ""Bull & Cartwright (2009)"", ""tier"": ""same_chunk"", ""snip"": ""due to a realignment of the maximum compressive stress, causing different rates of displacement across the width of the MTC toe (Frey Martinez et al., 2006). Prior et al. (1984) sug- gested that the development of pressure ridges may progress through a combination of ‘stopping’ forces and resistance""}, {""doc"": ""Ian R. Clark, Joseph A. Cartwright"", ""tier"": ""same_chunk"", ""snip"": ""recognition of these four channel–structure interactions will be a useful starting point for a descriptive framework for submarine channels within structur- ally active slope settings. Thickness and lateral extent of channel levees within a conﬁned channel are controlled by the available local accom""}, {""doc"": ""1-s2.0-S0040195109002819-main"", ""tier"": ""same_chunk"", ""snip"": ""it approaches the behavior of overpressured shale. For moderate to high pressures, sand has a frictional behavior. Detachments looked like very ﬁne shear bands and compressional belts are dominated by asymmetric basinward-verging thrusts as it is often observed in shale-detached fold belts. For ﬂuid""}]"
flow behavior: elastic,runout distance,related_to,False,3,A_direct,27,30,"[{""doc"": ""9781565762879_ch03"", ""tier"": ""same_chunk"", ""snip"": ""Mass-transport deposit (MTD) is a general term that refers to all slumps, slides, and debris flows generated and emplaced by gravity-controlled processes except for turbidity currents. MTDs include movement and emplacement by brittle deformation (slides), plastic deformation (slumps), and plastic or""}, {""doc"": ""9781565762879_ch03"", ""tier"": ""same_chunk"", ""snip"": ""most MTD sheets generated by such failures are relatively thin (120 to 300 ms) and have short run-out distances of 5 to 35 km across the abyssal seafloor adjacent to the slope (Table 1; Goldfinger et al., 2000; Nelson et al., 2000). These short run-out distances (Figs. 5, 6) contrast with MTD sheets""}, {""doc"": ""9781565762879_ch03"", ""tier"": ""same_chunk"", ""snip"": ""et al., 2005). In our later discussion on the Gulf of Mexico margin, we observe that MTD sheets have run-out lengths from 300 to 450 km across the Mississippi Fan surface (Table 1). Geotechnical engineers have recently hypothesized that con- tinental slopes of seismically active margins may develop ""}]"
fluid overpressure,fluid overpressure on basal surface,impacts,True,1,A_direct,29,30,"[{""doc"": ""9781565762879_ch03"", ""tier"": ""same_sentence"", ""snip"": ""[ONLINE] http://pubs.usgs.gov/ of/2007/1047/srp/srp026/index.html EXPEDITION 308 SCIENTISTS, 2005, Overpressure and fluid flow processes in the deepwater Gulf of Mexico: slope stability, seeps, and shallow- water flow: International Ocean Drilling Program, Preliminary Re- port 308, doi:10:2204/iodp.""}, {""doc"": ""9781565762879_ch03"", ""tier"": ""same_sentence"", ""snip"": ""[ONLINE] http://pubs.usgs.gov/ of/2007/1047/srp/srp026/index.html EXPEDITION 308 SCIENTISTS, 2005, Overpressure and fluid flow processes in the deepwater Gulf of Mexico: slope stability, seeps, and shallow- water flow: International Ocean Drilling Program, Preliminary Re- port 308, doi:10:2204/iodp.""}, {""doc"": ""Alves_AAPG_MTDs_14"", ""tier"": ""same_sentence"", ""snip"": ""These variations commonly result in the migration and escape of fluids to the surface (Paull et al., 1996, 2003; Bünz et al., 2005; Flemings et al., 2005; Masson et al., 2006), partic- ularly in regions with low net-to-gross ratios or showing signifi- cant internal deformation in the form of folds, ""}]"
seismicity or waves,seismicity,impacts,True,0,A_direct,26,9,"[{""doc"": ""Basin Research - 2016 - Ortiz‐Karpf - Mass‐transport complexes as markers of deep‐water fold‐and‐thrust belt evolution "", ""tier"": ""same_sentence"", ""snip"": ""These change could have been controlled by the evolution of the structures or could be attributed to externally driven, more regional controls, such as increased sediment supply, eustatic sea- level change, gas-hydrate dissolution and/or seismicity (e.g.""}, {""doc"": ""D. Leynaud"", ""tier"": ""same_sentence"", ""snip"": ""Particularly the multidisciplinary investigations and interactions between academia and industry in studying the giant Storegga Slide complex of the mid-Norwegian margin have revealed new insights into the occurrence and dynamics of mass wasting in relation to sedimentation and oceanographic process""}, {""doc"": ""D. Leynaud"", ""tier"": ""same_sentence"", ""snip"": ""complex of the mid-Norwegian margin have revealed new insights into the occurrence and dynamics of mass wasting in relation to sedimentation and oceanographic processes, glacial history and seismicity, which together form a key study for slope failure on (formerly) glaciated margins (e.g.""}]"
seismicity or waves,offshore events and waves,impacts,True,0,A_direct,26,21,"[{""doc"": ""Alves_AAPG_MTDs_14"", ""tier"": ""same_chunk"", ""snip"": ""Sea plate. 796 Mass-Transport Deposits and Seismic Texture article, we discuss (1) expected CDE values for specific regions of MTDs, and (2) seal compe- tence and reservoir potential as a function of CDE distribution. DATA AND METHODS This work used 3-D seismic data covering 672 km2 (259 mi2) of the""}, {""doc"": ""Alves_AAPG_MTDs_14"", ""tier"": ""same_sentence"", ""snip"": ""The peak amplitudes of re- flected seismic waves, positive or negative, are root-squared into positive values of amplitude, thus emphasizing large reflection events over low- amplitude background strata.""}, {""doc"": ""Alves_AAPG_MTDs_14"", ""tier"": ""same_sentence"", ""snip"": ""The peak amplitudes of re- flected seismic waves, positive or negative, are root-squared into positive values of amplitude, thus emphasizing large reflection events over low- amplitude background strata.""}]"
seafloor effective friction angle,flow behavior: elastic,impacts,True,1,A_direct,9,27,"[{""doc"": ""Elverhoi, A., Breien"", ""tier"": ""same_chunk"", ""snip"": ""b Velocity distribution with time, close to the wall (averaged in x-direction). A bipartite flow develops. At the same time, a little deposition starts to occur. c Velocity profiles (blue, solid line) and corresponding photos for head, body and tail of flow as the flow passes the upstream station. H""}, {""doc"": ""Journal of Geophysical Research  Solid Earth - 2005 - Mangeney‐Castelnau - On the use of Saint Venant equations to simulate"", ""tier"": ""same_sentence"", ""snip"": ""The effective friction, a parameter classically used to describe the mobility of gravitational flows, is shown to depend on the initial aspect ratio a.""}, {""doc"": ""Journal of Geophysical Research  Solid Earth - 2005 - Mangeney‐Castelnau - On the use of Saint Venant equations to simulate"", ""tier"": ""same_sentence"", ""snip"": ""The effective friction, a parameter classically used to describe the mobility of gravitational flows, is shown to depend on the initial aspect ratio a.""}]"
source domain in basin,seafloor shapes and dip variations,impacts,True,0,A_or_B_same_chunk,22,21,"[{""doc"": ""Giacomo Dalla Valle"", ""tier"": ""same_chunk"", ""snip"": ""overrides the seaﬂoor (Fig. 6B). MTD_1.2a is made up of chaotic to discontinuous seismic- reﬂections packages (Fig. 6B). A series of time-slices taken at increasing depths through the toe region of MTD_1.2a shows roughly continuous, low-amplitude bands, with a dominant circular planform, that we int""}, {""doc"": ""Moscardelli_and_Wood_2008"", ""tier"": ""same_chunk"", ""snip"": ""Thrusts MTC_2.1 MTC_2 Haydn Ridge MTC_2.2 Fig.9. (a) Root-mean-squared (RMS) amplitude extraction map from the basal part of seismic unit VI. MTC_2.1was fed by extrabasinal sediments that were transported downdip by the Haydn megachute. On the other hand, the sedimentary source of MTC_2.2 was associ""}, {""doc"": ""RichardsonetalBasinResearch2011-online (1)"", ""tier"": ""same_chunk"", ""snip"": ""of the mass transport deposit and tapers upwards towards the edges (Fig.5a and b). Interpretation. The scarp morphology is unusual when compared to published examples of slope failures (e.g. Moscardelli etal., 2006) or more conventional mass trans- port deposits in the study area (e.g. Figs 2b and 3""}]"
existing geomorphology,seafloor shapes and dip variations,impacts,True,0,A_or_B_same_chunk,25,21,"[{""doc"": ""Bull & Cartwright (2009)"", ""tier"": ""same_chunk"", ""snip"": ""both en echelon tensile failures and through-going strike-slip faults. Considering the inﬂuence of rheology on structural development, this division of structural style could be used to differentiate areas of contrasting rheology. Alternatively, the differing structural styles may be a consequence o""}]"
pore pressure increase by compression,fluid overpressure in moving mass,impacts,True,0,A_direct,20,26,"[{""doc"": ""Bull & Cartwright (2009)"", ""tier"": ""same_chunk"", ""snip"": ""maximum vertical and horizontal resolutions of ca. 10 and 40 m, respectively. 2.2. Methodology MTCs have been mapped based on the correlation of upper and lower bounding surfaces of selected units, recognised using criteria established from a number of previous studies (Embley and Jacobi, 1977; Moor""}, {""doc"": ""Dos-Reis-et-al-2016-MPG"", ""tier"": ""same_chunk"", ""snip"": ""events of sedi- ment layers, instead of to a cumulative downslope stress capable of being accommodated by distal compression across thicker sedimentary series; (ii) in a similar way to the AM2-AM, the PMMC megaslides are all sourced from the same upslope deformed block, which has equally detached an""}, {""doc"": ""Elverhoi, A., Breien"", ""tier"": ""same_chunk"", ""snip"": ""Sea. Sedimentology 47:1105–1117 Major JJ, Iverson RM (1999) Debris flow deposition: Effects of pore fluid pressure and friction concentrated at flow margins. Geol Soc Am Bull 111:1424–1434 Marr JG, Harff PA, Shanmugam G, Parker G (2001) Experiments on subaqueous sandy gravity flows: the role of clay""}]"
pore pressure increase by fluid migration,fluid overpressure in moving mass,impacts,True,0,A_direct,26,26,"[{""doc"": ""Alves_AAPG_MTDs_14"", ""tier"": ""same_chunk"", ""snip"": ""strength, i.e., high Vp and shear-wave velocity (Vs) values, or with abrupt AUTHORS Tiago M. Alves � 3D Seismic Lab, School of Earth and Ocean Sciences, Cardiff University, Main Building, Park Place, Cardiff CF10 3AT, United Kingdom; alvest@cardiff.ac.uk Tiago Alves has headed the 3D Seismic Lab sin""}, {""doc"": ""Alves_AAPG_MTDs_14"", ""tier"": ""same_chunk"", ""snip"": ""with large D or moderate CDE values. INTRODUCTION Landslide deposits reflect gravitational movements of near- surface strata in which the internal cohesion of failed material is maintained (Nemec, 1990; Hampton et al., 1996; Locat, 2001; Everhøi et al., 2005; Lee et al., 2006; Sultan et al., 2007). ""}, {""doc"": ""Alves_AAPG_MTDs_14"", ""tier"": ""same_chunk"", ""snip"": ""to changes in the compressibility of shales, an observation that led Flodin et al. (2003) to suggest that correlations between geophysical and petrophysical data must consider the ratio Vp 2/Vs 2 as the main parameter inducing variations in the acoustic impedance of strata. This latter ratio is rela""}]"
fluid overpressure in moving mass,posterior fluid migrations,impacts,True,0,A_direct,26,3,"[{""doc"": ""Alves_AAPG_MTDs_14"", ""tier"": ""same_chunk"", ""snip"": ""strength, i.e., high Vp and shear-wave velocity (Vs) values, or with abrupt AUTHORS Tiago M. Alves � 3D Seismic Lab, School of Earth and Ocean Sciences, Cardiff University, Main Building, Park Place, Cardiff CF10 3AT, United Kingdom; alvest@cardiff.ac.uk Tiago Alves has headed the 3D Seismic Lab sin""}, {""doc"": ""Alves_AAPG_MTDs_14"", ""tier"": ""same_chunk"", ""snip"": ""with large D or moderate CDE values. INTRODUCTION Landslide deposits reflect gravitational movements of near- surface strata in which the internal cohesion of failed material is maintained (Nemec, 1990; Hampton et al., 1996; Locat, 2001; Everhøi et al., 2005; Lee et al., 2006; Sultan et al., 2007). ""}, {""doc"": ""1-s2.0-S0264817216304585-main"", ""tier"": ""same_sentence"", ""snip"": ""Research paper Free gas accumulations in basal shear zones of mass-transport deposits (Pearl River Mouth Basin, South China Sea): An important geohazard on continental slope basins Qiliang Sun a, b, *, Tiago Alves c, Xinong Xie a, b, Jiaxiong He d, **, Wei Li e, Xianglong Ni f a Key Laboratory of Te""}]"
inducing seismicity,local fluidization,impacts,True,0,A_direct,12,30,"[{""doc"": ""JGR Earth Surface - 2013 - Urgeles - Submarine landslides of the Mediterranean Sea  Trigger mechanisms  dynamics  and"", ""tier"": ""same_sentence"", ""snip"": ""Harjes (2004), Seismicity of the Hellenic subduction zone in the area of western and cen- tral Crete observed by temporary local seismic networks, Tectonophysics, 383, 149–169, doi:10.1016/j.tecto.2004.02.004.""}, {""doc"": ""Moscardelli_and_Wood_2008"", ""tier"": ""same_sentence"", ""snip"": ""Collapsed £anks of mud-volca- no ridges, unstable margins of deep-water mini basins, collapsed £anks of midoceanic ridges and oversteepened levees in levee-channel complexes are common sources of sediments for detached MTCs.These systems are trig- gered by local gravitational instabilities that can ""}, {""doc"": ""Moscardelli_and_Wood_2008"", ""tier"": ""same_sentence"", ""snip"": ""basins, collapsed £anks of midoceanic ridges and oversteepened levees in levee-channel complexes are common sources of sediments for detached MTCs.These systems are trig- gered by local gravitational instabilities that can be asso- ciated with seismicity, oversteepening of slope or diapir/ volcano r""}]"
flow behavior: elastic,terminal dispersion,impacts,True,0,A_direct,27,4,"[{""doc"": ""9781565762879_ch02"", ""tier"": ""same_sentence"", ""snip"": ""Such features commonly terminate as a “box canyon,” with extensive, low-angle thrust faulting characterizing the mass- transport deposits near the terminus, as the flow comes in contact with and compresses against the terminal wall (Fig.""}, {""doc"": ""9781565762879_ch02"", ""tier"": ""same_sentence"", ""snip"": ""Consequently, our understanding Trench Trench Thrust Faults Thrust Faults Steep lateral walls Steep lateral walls 25 cm 1 km 1 km 100 ms 5 km Flow Direction Flow Direction X X X' X' X X' A B C 15° Terminal wall Terminal wall ← FIG.""}, {""doc"": ""9781565762879_ch02"", ""tier"": ""same_sentence"", ""snip"": ""30.— A) Coherency slice, B) seismic profile, and C) interpreted line drawing of an extensive low-angle (approximately 15°) thrust faulting characterizing a mass-transport deposit near its terminus as the flow decelerated, and the deposits compressed against the terminal wall (after Posamentier and W""}]"
lithology in transported mass,flow behavior: elastic,impacts,True,2,A_or_B_same_chunk,16,27,"[{""doc"": ""9781565762879_ch03"", ""tier"": ""same_chunk"", ""snip"": ""Mass-transport deposit (MTD) is a general term that refers to all slumps, slides, and debris flows generated and emplaced by gravity-controlled processes except for turbidity currents. MTDs include movement and emplacement by brittle deformation (slides), plastic deformation (slumps), and plastic or""}, {""doc"": ""9781565762879_ch03"", ""tier"": ""same_chunk"", ""snip"": ""Damuth et al., 2006). A core from an MTD bed on a steep mini-basin wall has a radiocarbon age of ~ 6,360 yr BP and indicates that some MTD events occurred during the Holocene; however, the dominant episode of MTD near-surface deposition occurs just prior to the Holocene during rapid sea-level rise (""}, {""doc"": ""9781565762879_ch03"", ""tier"": ""same_chunk"", ""snip"": ""INTERPLAY OF MASS-TRANSPORT AND TURBIDITE-SYSTEM DEPOSITS channel walls, because such clay clasts of deep-sea hemipelagic clay are fine-grained clays (> 8 phi), have low organic carbon contents (~ 0.5%), and contain authigenic pyrite. In contrast, clay clasts within chaotic silt have coarser grain s""}]"
seafloor shapes and dip variations,plowing effect on underlying material,impacts,True,1,B_distributed,21,21,[]
evaporite deformation & mud volcanism,deformed facies distribution,impacts,True,1,A_or_B_same_chunk,14,31,"[{""doc"": ""J. S. Laberg"", ""tier"": ""same_chunk"", ""snip"": ""Landslides (2017) 14:849–860 DOI 10.1007/s10346-016-0766-7 Received: 21 March 2016 Accepted: 10 October 2016 Published online: 18 October 2016 © Springer-Verlag Berlin Heidelberg 2016 J. S. Laberg I M. Strasser I T. M. Alves I S. Gao I K. Kawamura I A. Kopf I G. F. Moore Internal deformation of a mu""}, {""doc"": ""J. S. Laberg"", ""tier"": ""same_chunk"", ""snip"": ""(consistent) occurrence, E.h. Emiliania huxleyi, P.l. Pseudoemiliania lacunosa, R.a. Reticulofenestra asanoi, G.sp.(l, m) Gephyrocapsa species (large, medium). The synthetic seismogram is from Alves et al. (2014) Landslides 14 & (2017) 851 faults observed are likely associated with loading imposed o""}, {""doc"": ""J. S. Laberg"", ""tier"": ""same_chunk"", ""snip"": ""information on the contents of sand, mud, silt and clay (weight %), mean grain size and skewness MTD6 Sand Basal shear zone No indication of shear/remoulding Entrainment of sea water Deformation/remoulding (folding, faulting, shear) Shear flow Plug flow b) a) Fig. 9 Interpretive sketch (a) summarizi""}]"
flow behavior: elastic,deformed facies distribution,impacts,True,0,A_direct,27,31,"[{""doc"": ""9781565762879_ch03"", ""tier"": ""same_chunk"", ""snip"": ""most MTD sheets generated by such failures are relatively thin (120 to 300 ms) and have short run-out distances of 5 to 35 km across the abyssal seafloor adjacent to the slope (Table 1; Goldfinger et al., 2000; Nelson et al., 2000). These short run-out distances (Figs. 5, 6) contrast with MTD sheets""}, {""doc"": ""9781565762879_ch03"", ""tier"": ""same_chunk"", ""snip"": ""section between the early Oligocene WL-U3 to early Miocene WL-U5 seismic reflections; and B) dominantly turbidite channel–levee seismic facies mixed with MTD seismic facies in a strike section in the later deposits above the WL-5 seismic reflection. The white box at the southern edge of the Antarcti""}, {""doc"": ""9781565762879_ch03"", ""tier"": ""same_chunk"", ""snip"": ""Cooper A.K., Raymond, C.R., and the 10th ISAES Editorial Team, eds., Proceedings of the 10th ISAES, U.S. Geological Survey OF-2007-1047, Short Research Paper 026, doi:10.31333/of2007-1047.srp026. [ONLINE] http://pubs.usgs.gov/ of/2007/1047/srp/srp026/index.html EXPEDITION 308 SCIENTISTS, 2005, Overp""}]"
lithology in transported mass,seafloor effective friction angle,impacts,True,0,B_distributed,16,9,[]
lithology of underlying material downslope,seafloor effective friction angle,impacts,True,0,B_distributed,11,9,[]
sea level evolution,pore pressure increase by fluid migration,impacts,True,1,A_direct,33,26,"[{""doc"": ""Bourget,j"", ""tier"": ""same_chunk"", ""snip"": ""al., 2007). At present, it shows a maximum precipitation during the winter mon- soon when cyclonic low-pressure systems origi- nating in the Eastern Mediterranean occasionally penetrate the Arabian landmass (Weyhenmeyer et al., 2000; Luckge et al., 2001). Hence, winter corresponds to the present-day""}, {""doc"": ""Chinese J of Geophysics - 2013 - WU - Analysis on Seismic Characteristics and Triggering Mechanisms of Mass Transport"", ""tier"": ""same_chunk"", ""snip"": ""zone, and geometric shape of gas hydrate zone have certain eﬀects on the submarine slope from geometric characteristics of slope. The types of sediments and physical and mechanical properties of gas hydrate zone have some eﬀects on the slope from material characteristics. From the strength situation""}, {""doc"": ""Chinese J of Geophysics - 2013 - WU - Analysis on Seismic Characteristics and Triggering Mechanisms of Mass Transport"", ""tier"": ""same_chunk"", ""snip"": ""imagery of slope, which is caused by the bigger slope toe. But in this state the stability coeﬃcient of slope is bigger than 1, implying the whole slope is in a state of stability. This is because the reduction in excess pore water pressure and the strength of gas-hydrate zone are not the main facto""}]"
flow behavior: elastic,US median slope,impacts,True,1,A_direct,27,36,"[{""doc"": ""9781565762879_ch03"", ""tier"": ""same_chunk"", ""snip"": ""most MTD sheets generated by such failures are relatively thin (120 to 300 ms) and have short run-out distances of 5 to 35 km across the abyssal seafloor adjacent to the slope (Table 1; Goldfinger et al., 2000; Nelson et al., 2000). These short run-out distances (Figs. 5, 6) contrast with MTD sheets""}, {""doc"": ""9781565762879_ch03"", ""tier"": ""same_chunk"", ""snip"": ""et al., 2005). In our later discussion on the Gulf of Mexico margin, we observe that MTD sheets have run-out lengths from 300 to 450 km across the Mississippi Fan surface (Table 1). Geotechnical engineers have recently hypothesized that con- tinental slopes of seismically active margins may develop ""}, {""doc"": ""9781565762879_ch03"", ""tier"": ""same_chunk"", ""snip"": ""nel complexes of Mississippi Fan (Fig. 16; Table 1). The interme- diate-scale MTD lobes underlie nine of the 17 major channel systems of the fan (Fig. 16; Weimer, 1990). Although sometimes fan-shaped, these MTD lobes are typically elongate, parallel to channel–levee systems, and extend about 100–200""}]"
topography confinement downwards,US median slope,impacts,True,0,A_direct,21,36,"[{""doc"": ""A.I. Chemenda, T. Bois ⁎, S. Bouissou, E. Tric"", ""tier"": ""same_chunk"", ""snip"": ""Numerical modelling of the gravity-induced destabilization of a slope: The example of the La Clapière landslide, southern France A.I. Chemenda, T. Bois ⁎, S. Bouissou, E. Tric Geosciences Azur, Université de Nice Sophia-Antipolis and CNRS, Valbonne, France a b s t r a c t a r t i c l e i n f o Artic""}, {""doc"": ""A.I. Chemenda, T. Bois ⁎, S. Bouissou, E. Tric"", ""tier"": ""same_chunk"", ""snip"": ""evolution. © 2009 Elsevier B.V. All rights reserved. 1. Introduction Gravitational instability of topography results from the interplay of different processes. The most important seems to be the weathering and alteration caused by climatic factors and ﬂuid circulation within the massif and dependent""}, {""doc"": ""A.I. Chemenda, T. Bois ⁎, S. Bouissou, E. Tric"", ""tier"": ""same_chunk"", ""snip"": ""results in a progressive reduction of both horizontal and vertical sizes of the sliding shallow unit (Fig. 5); and at ϕ ≥45°, the shallow sliding does not occur at all (even at c=0). But deep normal faulting resulting in crest sagging is still active (it is not displayed in Fig. 5B as the γ̅p value ""}]"
frontal compression,US ramps or ridges,impacts,True,0,A_direct,24,30,"[{""doc"": ""Alves_AAPG_MTDs_14"", ""tier"": ""same_sentence"", ""snip"": ""These kinematic indicators can include features as varied as scours (Posamentier and Kolla, 2003; Weimer and Shipp, 2004), basal grooves and striations (Gee et al., 2006), cat claws (Moscardelli et al., 2006), monkey fingers (McGilvery and Cook, 2003), frontal and lateral ramps and flats (Lucente an""}, {""doc"": ""Dos-Reis-et-al-2016-MPG"", ""tier"": ""same_sentence"", ""snip"": ""The base of slide surface migrates systematically to upper stratigraphic levels, but no features of frontal conﬁnement (thrust imbricates) are observed across the distal limit of the allochthonous mass (considering the resolution of the available data).""}, {""doc"": ""1-s2.0-S0025322712000412-main"", ""tier"": ""same_sentence"", ""snip"": ""subtle compression ridges 1.0 2 3.53 3.4 10.7, 138.8 1.2 1.5 Yes, minor 63 Smooth, thin, subtle surface fractures Curvilinear surface features (lateral levees), compression ridges, hydroplaned""}]"
flow direction,US median slope,impacts,True,0,A_direct,35,36,"[{""doc"": ""9781565762879_ch03"", ""tier"": ""same_chunk"", ""snip"": ""most MTD sheets generated by such failures are relatively thin (120 to 300 ms) and have short run-out distances of 5 to 35 km across the abyssal seafloor adjacent to the slope (Table 1; Goldfinger et al., 2000; Nelson et al., 2000). These short run-out distances (Figs. 5, 6) contrast with MTD sheets""}, {""doc"": ""9781565762879_ch03"", ""tier"": ""same_chunk"", ""snip"": ""et al., 2005). In our later discussion on the Gulf of Mexico margin, we observe that MTD sheets have run-out lengths from 300 to 450 km across the Mississippi Fan surface (Table 1). Geotechnical engineers have recently hypothesized that con- tinental slopes of seismically active margins may develop ""}, {""doc"": ""9781565762879_ch03"", ""tier"": ""same_chunk"", ""snip"": ""nel complexes of Mississippi Fan (Fig. 16; Table 1). The interme- diate-scale MTD lobes underlie nine of the 17 major channel systems of the fan (Fig. 16; Weimer, 1990). Although sometimes fan-shaped, these MTD lobes are typically elongate, parallel to channel–levee systems, and extend about 100–200""}]"
flow direction,US ramps or ridges,impacts,True,0,A_direct,35,30,"[{""doc"": ""9781565762879_ch03"", ""tier"": ""same_chunk"", ""snip"": ""individual MTD beds have a variety of lithologies that vary from clay-clast debris flows to chaotic silt beds in mini-basins (Fig. 14; Nelson et al., 1992). In the distal depositional lobes of Mississippi Fan, however, the chaotic silts are dominant, consist of soft clay clasts in a silt matrix, and""}, {""doc"": ""9781565762879_ch03"", ""tier"": ""same_chunk"", ""snip"": ""section between the early Oligocene WL-U3 to early Miocene WL-U5 seismic reflections; and B) dominantly turbidite channel–levee seismic facies mixed with MTD seismic facies in a strike section in the later deposits above the WL-5 seismic reflection. The white box at the southern edge of the Antarcti""}, {""doc"": ""Basin Research - 2016 - Ortiz‐Karpf - Mass‐transport complexes as markers of deep‐water fold‐and‐thrust belt evolution "", ""tier"": ""same_chunk"", ""snip"": ""(Fig. 5e). To the NE, S5 thins and pinches-out against the underlying channel– levee complex set and is erosionally truncated by S6 (Figs 6a and 8a). To the east, it thins against the SDA where it is folded and faulted (Fig. 7a, b). S5 has an irreg- ular top that is overlain and locally eroded by ch""}]"
erosion of underlying material,BS ramps,impacts,True,1,A_direct,20,27,"[{""doc"": ""Basin Research - 2016 - Ortiz‐Karpf - Mass‐transport complexes as markers of deep‐water fold‐and‐thrust belt evolution "", ""tier"": ""same_chunk"", ""snip"": ""evo- lution. However, there is still a paucity of detailed, three-dimensional analyses that link the timing, location and character of MTCs with the growth of individual structures within developing deep-water fold-and-thrust belts. Furthermore, the evolution and chronostrati- graphic signiﬁcance of""}, {""doc"": ""Basin Research - 2016 - Ortiz‐Karpf - Mass‐transport complexes as markers of deep‐water fold‐and‐thrust belt evolution "", ""tier"": ""same_chunk"", ""snip"": ""(Fig. 5e). To the NE, S5 thins and pinches-out against the underlying channel– levee complex set and is erosionally truncated by S6 (Figs 6a and 8a). To the east, it thins against the SDA where it is folded and faulted (Fig. 7a, b). S5 has an irreg- ular top that is overlain and locally eroded by ch""}, {""doc"": ""Basin Research - 2016 - Ortiz‐Karpf - Mass‐transport complexes as markers of deep‐water fold‐and‐thrust belt evolution "", ""tier"": ""same_chunk"", ""snip"": ""the southern and central regions (Figs 5f and 8d); although an erosion surface can locally be observed between MTC S6 and MTC C1 (Fig. 5), it is not consistently traceable, meaning it is possible that S6 is part of C1 (Fig. 6a). To the SW, S6 thins and pinches-out against relief developed along the ""}]"
volume,average thickness,related_to,False,0,A_direct,31,36,"[{""doc"": ""9781565762879_ch03"", ""tier"": ""same_chunk"", ""snip"": ""27° 25° 29° 90° 88° 86° 84° FIG. 13.—Map of the eastern Gulf of Mexico that shows the extent of the Mississippi Fan and surrounding geomorphic features. The distribution of channels, depositional lobes, and mass-transport deposits that cover the surface of the fan were modified from Twichell et al. ""}, {""doc"": ""Alves_AAPG_MTDs_14"", ""tier"": ""same_chunk"", ""snip"": ""2.2 Ma in a frontal wedge-toe position (Strasser et al., 2011). Splay-fault movement was initiated at about 1.95 Ma in the lower part of the wedge. Ongoing megasplay slip occurs since about 1.55 Ma (Strasser et al., 2009). As a result of the complex interaction between fault-propagation folding, sea""}, {""doc"": ""Alves_AAPG_MTDs_14"", ""tier"": ""same_chunk"", ""snip"": ""Ia (Expedition 316 Scientists, 2009a, b) (Figures 4A, 5A). Geological Setting Offshore Southeast Brazil The Espírito Santo Basin is the northernmost of a series of Upper Jurassic–Cretaceous rift basins developed in southeast Brazil (Chang et al., 1992) (Figure 1C). Following synrift extension, the e""}]"
basin depocenter position,lateral distribution of MTDs,impacts,True,2,A_or_B_same_chunk,10,31,"[{""doc"": ""Alves_AAPG_MTDs_14"", ""tier"": ""same_chunk"", ""snip"": ""traces in a specified window (Brown, 2011). Coherence attributes are particularly helpful to recognize faults, blocks, and other features that disrupt the lateral continuity of seismic reflections. Dip maps compute best-fit planes between im- mediate neighbour traces on a time or depth slice and cal""}, {""doc"": ""Alves_AAPG_MTDs_14"", ""tier"": ""same_chunk"", ""snip"": ""2.2 Ma in a frontal wedge-toe position (Strasser et al., 2011). Splay-fault movement was initiated at about 1.95 Ma in the lower part of the wedge. Ongoing megasplay slip occurs since about 1.55 Ma (Strasser et al., 2009). As a result of the complex interaction between fault-propagation folding, sea""}, {""doc"": ""Chinese J of Geophysics - 2013 - WU - Analysis on Seismic Characteristics and Triggering Mechanisms of Mass Transport"", ""tier"": ""same_chunk"", ""snip"": ""slope of the Qiongdongnan basin 23260440, 2011, 6, Downloaded from https://agupubs.onlinelibrary.wiley.com/doi/10.1002/cjg2.1684 by Bibliothèque de Sorbonne Université, Wiley Online Library on [16/04/2025]. See the Terms and Conditions (https://onlinelibrary.wiley.com/terms-and-conditions) on Wiley ""}]"
existing geomorphology,lateral distribution of MTDs,impacts,True,2,A_direct,25,31,"[{""doc"": ""Basin Research - 2016 - Ortiz‐Karpf - Mass‐transport complexes as markers of deep‐water fold‐and‐thrust belt evolution "", ""tier"": ""same_chunk"", ""snip"": ""from Romero, 2009 Other anticline axis projected from Romero, 2009 Southern downdip anticline SFZ and updip thrusts projected from Romero, 2009 SFZ and updip thrusts projected from Romero, 2009 Uncertain interpretation Pre-existing CLC ? Pre-C1MTCs in southern syncline Pre C1 MTCs in northern syncli""}, {""doc"": ""Bull & Cartwright (2009)"", ""tier"": ""same_chunk"", ""snip"": ""both en echelon tensile failures and through-going strike-slip faults. Considering the inﬂuence of rheology on structural development, this division of structural style could be used to differentiate areas of contrasting rheology. Alternatively, the differing structural styles may be a consequence o""}, {""doc"": ""Chinese J of Geophysics - 2013 - WU - Analysis on Seismic Characteristics and Triggering Mechanisms of Mass Transport"", ""tier"": ""same_sentence"", ""snip"": ""MTDs are characterized by apparent geomorphology and sedimentary structures.""}]"
plowing effect on underlying material,BS strong amplitude,impacts,True,0,A_or_B_same_chunk,21,30,"[{""doc"": ""Bull & Cartwright (2009)"", ""tier"": ""same_chunk"", ""snip"": ""due to a realignment of the maximum compressive stress, causing different rates of displacement across the width of the MTC toe (Frey Martinez et al., 2006). Prior et al. (1984) sug- gested that the development of pressure ridges may progress through a combination of ‘stopping’ forces and resistance""}, {""doc"": ""Bull & Cartwright (2009)"", ""tier"": ""same_chunk"", ""snip"": ""failed material moves over the basal shear surface, or indeed, a combination of these two factors may be critical (Strachan, 2002a; Frey Martinez et al., 2005). Strachan (2002a) postulated that pre-existing weaknesses in the basal shear surface, caused by original deposition of the sediments, may be""}, {""doc"": ""Bull & Cartwright (2009)"", ""tier"": ""same_chunk"", ""snip"": ""often observed from near the headwall regions of MTCs (Solheim et al., 2005; Fig. 7A, C), or where translation of material across the basal shear surface is limited (Frey Martinez et al., 2005). In this context, the basal shear surface propagates downwards to link with a deeper weak layer. The basal""}]"
remobilization,thickness variation,impacts,True,0,A_or_B_same_chunk,5,31,"[{""doc"": ""Dos-Reis-et-al-2016-MPG"", ""tier"": ""same_chunk"", ""snip"": ""12 for location. A.T. Reis et al. / Marine and Petroleum Geology 75 (2016) 29e52 44 Miocene e gravity tectonics and mass wasting (Figs. 3, 4 and 18). Unfortunately, however, the available chronostratigraphic database does not provide sufﬁcient accurate age data to enable us to determine the precise ""}]"
presence of preserved blocks,transparent facies distribution,impacts,True,0,A_direct,30,25,"[{""doc"": ""9781565762879_ch03"", ""tier"": ""same_sentence"", ""snip"": ""3.—A) Strike-oriented seismic profile that shows chaotic seismic facies from multiple MTD surface and subsurface slide blocks from the Middle Canyon mouth and downslope across the Beringian MTD sheet (see location in Figure 1).""}, {""doc"": ""Alves_AAPG_MTDs_14"", ""tier"": ""same_sentence"", ""snip"": ""Heterogeneous, Blocky Mass-Transport Deposits (BES-100, Southeast Brazil) Root-mean-square amplitude data computed with- in an interval 40–50 ms above the base of an MTD from southeast Brazil (Block BES-100, Espírito Santo Basin) show remnant and rafted blocks in between chaotic to transparent debri""}, {""doc"": ""Alves_AAPG_MTDs_14"", ""tier"": ""same_sentence"", ""snip"": ""MTD from southeast Brazil (Block BES-100, Espírito Santo Basin) show remnant and rafted blocks in between chaotic to transparent debrites (Figures 2B, 12).""}]"
post deposition regional deformation,deformed facies distribution,impacts,True,0,A_or_B_same_chunk,25,31,"[{""doc"": ""9781565762879_ch03"", ""tier"": ""same_chunk"", ""snip"": ""section between the early Oligocene WL-U3 to early Miocene WL-U5 seismic reflections; and B) dominantly turbidite channel–levee seismic facies mixed with MTD seismic facies in a strike section in the later deposits above the WL-5 seismic reflection. The white box at the southern edge of the Antarcti""}, {""doc"": ""9781565762879_ch03"", ""tier"": ""same_chunk"", ""snip"": ""AND PANTIN, H.M., 1986, Self-accelerating tur- bidity currents: Journal of Fluid Mechanics, v. 171, p. 145–181. PASSCHIER, S., O’BRIEN, P.E., DAMUTH, J.E., JANUSCZAK, N., HANDWERGER, D.D., AND WHITEHEAD, J.M., 2003, Pliocene–Pleistocene glaciomarine sedimentation in eastern Prydz Bay and development""}, {""doc"": ""Bull & Cartwright (2009)"", ""tier"": ""same_chunk"", ""snip"": ""boundary, correlated with a continuous, undeformed lower reﬂection which also forms the basal shear surface (Fig. 11A, B). Internally, continuous seismic reﬂections have been deformed into a series of convex upward, disharmonic folds which also appear to be affected by brittle discontinuities. The s""}]"
sedimentation rate and type,HS downslope evolution,impacts,True,1,B_distributed,28,5,[]
sedimentation rate and type,MTD proportion in sedimentary pile,impacts,True,0,A_direct,28,26,"[{""doc"": ""Basin Research - 2016 - Ortiz‐Karpf - Mass‐transport complexes as markers of deep‐water fold‐and‐thrust belt evolution "", ""tier"": ""same_chunk"", ""snip"": ""Mass-transport complexes asmarkers of deep- water fold-and-thrust belt evolution: insights from the southern Magdalena fan, offshore Colombia Andrea Ortiz-Karpf,* David M. Hodgson,* Christopher A.-L. Jackson† and William D. McCaffrey* *School of Earth and Environment, University of Leeds, Leeds, UK ""}, {""doc"": ""Dos-Reis-et-al-2016-MPG"", ""tier"": ""same_chunk"", ""snip"": ""et al., 1997; Maslin and Mikkelsen, 1997; Pirmez and Imran, 2003; Maslin et al., 2005). However, the Up- per Cretaceous to Quaternary stratigraphic section of the basin also glides along multiple d�ecollements in a linked extensional- compressional system (Cobbold et al., 2004; Silva et al., 2009; R""}, {""doc"": ""Dos-Reis-et-al-2016-MPG"", ""tier"": ""same_chunk"", ""snip"": ""the Amap�a Megaslide and the Par�a-Maranh~ao Megaslide, occur as stacks of large-scale and thick mass-transport deposits (individual thicknesses of up to 1000 m). As the megaslides are located along portions of the steep continental slope of the basin, and under sedimentation rates considerably lowe""}]"
subsidence/uplift,vertical distribution of MTDs,impacts,True,1,A_or_B_same_chunk,20,35,"[{""doc"": ""Basin Research - 2016 - Ortiz‐Karpf - Mass‐transport complexes as markers of deep‐water fold‐and‐thrust belt evolution "", ""tier"": ""same_chunk"", ""snip"": ""northern Sin�u fold belts; Fig. 1b). The Magdalena Fan, which is believed to have been active since the Late Miocene (Duque-Caro, 1979, 1984; Kolla & Bufﬂer, 1984; Breen, 1989; Romero-Otero, 2009), is located in a relatively undeformed area between the fold belts, extending off- shore into the Colom""}, {""doc"": ""Chinese J of Geophysics - 2013 - WU - Analysis on Seismic Characteristics and Triggering Mechanisms of Mass Transport"", ""tier"": ""same_chunk"", ""snip"": ""increase of the slope angle, the width of slope decreases gradually[14]. The northern slope and the southern slope are separated by the central channel and the northernmost islands of Xisha Islands, and the slope is of NN-E trend in the southwest changing gradually into NE in the northwest. The deve""}, {""doc"": ""Giacomo Dalla Valle"", ""tier"": ""same_chunk"", ""snip"": ""emplacement. In this study, following Helland-Hansen and Hampson (2009), the rollover point trajectories is termed as as- cending, ﬂat, or descending. Assuming limited variations in the amount of sediment and in the rate of subsidence along the margin, an ascending trajectory can correlate with rela""}]"
evaporite deformation & mud volcanism,BS median slope,impacts,True,1,A_or_B_same_chunk,14,36,"[{""doc"": ""Bourget,j"", ""tier"": ""same_chunk"", ""snip"": ""Turbidite system architecture and sedimentary processes along topographically complex slopes: the Makran convergent margin JULIEN BOURGET*,1, SEBASTIEN ZARAGOSI*, NADINE ELLOUZ-ZIMMERMANN�, NICOLAS MOUCHOT�, THIERRY GARLAN§, JEAN-LUC SCHNEIDER*, VALENTINE LANFUMEY– and SIGFRIED LALLEMANT� *Universit""}, {""doc"": ""Ian R. Clark, Joseph A. Cartwright"", ""tier"": ""same_chunk"", ""snip"": ""erosion at the end of the Messinian Salinity Crisis: evidence from the Levant basin, eastern Mediterranean. Basin Research 19, 1–18. Bertoni, C., Cartwright, J.A., 2006. Controls on the basinwide architecture of late Miocene (Messinian) evaporites on the Levant margin (Eastern Mediterranean). Sedime""}, {""doc"": ""1-s2.0-S0025322713000571-main"", ""tier"": ""same_chunk"", ""snip"": ""failure, which occurs when downslope-directed shear stress exceed the shear strength of seaﬂoor sediment (Varnes, 1978; Richardson et al., 2011), mass-wasting processes involve the transport of sediment over a basal shear surface (Lucente and Pini, 2003) or gliding plane (Gee et al., 2005). Once fai""}]"
evaporite deformation & mud volcanism,US median slope,impacts,True,1,A_direct,14,36,"[{""doc"": ""Bourget,j"", ""tier"": ""same_chunk"", ""snip"": ""Turbidite system architecture and sedimentary processes along topographically complex slopes: the Makran convergent margin JULIEN BOURGET*,1, SEBASTIEN ZARAGOSI*, NADINE ELLOUZ-ZIMMERMANN�, NICOLAS MOUCHOT�, THIERRY GARLAN§, JEAN-LUC SCHNEIDER*, VALENTINE LANFUMEY– and SIGFRIED LALLEMANT� *Universit""}, {""doc"": ""Bourget,j"", ""tier"": ""same_chunk"", ""snip"": ""large failures of the shelf edge and/or upper slope ﬁne-grained sediments, occasionally reach the centre of the Oman basin during the Late Holocene highstand conditions. The resulting FA-3 beds are mostly composed of thick Te muds, and the silt/sand bases (Tc-d) are typically millimetre to decimetre""}, {""doc"": ""Bourget,j"", ""tier"": ""same_chunk"", ""snip"": ""relationships between margin-scale structural organization (along-strike variability, location of the triple-junction area), physiography (distribu- tion, relief and extension of the drainage basins, submarine slope gradients and morphology) and their impact on deep-water sedimentation at both turbi""}]"
existing geomorphology,BS ramps,impacts,True,1,A_direct,25,27,"[{""doc"": ""Bull & Cartwright (2009)"", ""tier"": ""same_chunk"", ""snip"": ""basin analysis has been highlighted in a number of recent reviews (Cartwright and Huuse, 2005; Cartwright, 2007; Posamentier et al., 2007). Commercial interest in deep water settings and the resultant increasing avail- ability of industrially acquired 3D seismic surveys has been a major factor in ou""}, {""doc"": ""Bull & Cartwright (2009)"", ""tier"": ""same_sentence"", ""snip"": ""Strachan (2002a) postulated that pre-existing weaknesses in the basal shear surface, caused by original deposition of the sediments, may be exploited by localised erosion by the translating failed mass, and that localised down-cutting may indicate a change from easy- slip along the basal shear surfa""}, {""doc"": ""Bull & Cartwright (2009)"", ""tier"": ""same_sentence"", ""snip"": ""Strachan (2002a) postulated that pre-existing weaknesses in the basal shear surface, caused by original deposition of the sediments, may be exploited by localised erosion by the translating failed mass, and that localised down-cutting may indicate a change from easy- slip along the basal shear surfa""}]"
flow direction,BS ramps,impacts,True,4,A_direct,35,27,"[{""doc"": ""9781565762879_ch03"", ""tier"": ""same_chunk"", ""snip"": ""most MTD sheets generated by such failures are relatively thin (120 to 300 ms) and have short run-out distances of 5 to 35 km across the abyssal seafloor adjacent to the slope (Table 1; Goldfinger et al., 2000; Nelson et al., 2000). These short run-out distances (Figs. 5, 6) contrast with MTD sheets""}, {""doc"": ""Basin Research - 2016 - Ortiz‐Karpf - Mass‐transport complexes as markers of deep‐water fold‐and‐thrust belt evolution "", ""tier"": ""same_chunk"", ""snip"": ""(Fig. 5e). To the NE, S5 thins and pinches-out against the underlying channel– levee complex set and is erosionally truncated by S6 (Figs 6a and 8a). To the east, it thins against the SDA where it is folded and faulted (Fig. 7a, b). S5 has an irreg- ular top that is overlain and locally eroded by ch""}, {""doc"": ""Basin Research - 2016 - Ortiz‐Karpf - Mass‐transport complexes as markers of deep‐water fold‐and‐thrust belt evolution "", ""tier"": ""same_chunk"", ""snip"": ""the southern and central regions (Figs 5f and 8d); although an erosion surface can locally be observed between MTC S6 and MTC C1 (Fig. 5), it is not consistently traceable, meaning it is possible that S6 is part of C1 (Fig. 6a). To the SW, S6 thins and pinches-out against relief developed along the ""}]"
